"gene_id","baseMean","log2FoldChange","lfcSE","pvalue","padj","significant","direction"
"Gene0035",103.879723813235,1.73708326462568,0.247424068089809,1.32530493285547e-13,1.31072657859406e-10,TRUE,"up"
"Gene0043",2367.90689202682,1.64180677393676,0.250519894763044,2.11336736089799e-12,1.04506015996405e-09,TRUE,"up"
"Gene0008",198.889283599712,1.93337234607232,0.300217701752305,3.28653884161599e-12,1.08346230478607e-09,TRUE,"up"
"Gene0014",104.205482146885,1.73453898274577,0.280533070477921,2.27345671203809e-11,4.76222570249703e-09,TRUE,"up"
"Gene0054",93.9571070011269,1.6210941216901,0.260455505400149,2.40759641177807e-11,4.76222570249703e-09,TRUE,"up"
"Gene0012",43.7387801409843,1.89956368178104,0.3153874589767,8.51268112114478e-11,1.40317360480203e-08,TRUE,"up"
"Gene0042",191.323640139709,1.56207618355473,0.262944849663026,1.08858808490205e-10,1.53801945138304e-08,TRUE,"up"
"Gene0003",132.372729409403,1.49873528785048,0.258999463754078,3.55523748601265e-10,4.39516234208314e-08,TRUE,"up"
"Gene0100",37.2821933361027,-1.8998799489121,0.32925962028057,4.28392816090204e-10,4.56747661132229e-08,TRUE,"down"
"Gene0098",160.199863191009,-1.62120216692307,0.283891051082585,4.61827766564438e-10,4.56747661132229e-08,TRUE,"down"
"Gene0004",210.278191366396,1.4946093248999,0.26832089766133,1.08740645088065e-09,9.77677254473603e-08,TRUE,"up"
"Gene0040",102.615129112221,1.58487318973966,0.290516984191468,2.73242922241851e-09,2.25197708414325e-07,TRUE,"up"
"Gene0006",152.378197850743,1.68366576609258,0.313080755764586,3.5875498917844e-09,2.72929757151905e-07,TRUE,"up"
"Gene0049",233.563747448898,1.57251587910608,0.298448819011154,5.22132323984808e-09,3.68849191729268e-07,TRUE,"up"
"Gene0062",153.999950606302,-1.39271212121326,0.277540703368971,2.22248281742941e-08,1.46535700429179e-06,TRUE,"down"
"Gene0038",113.540957424668,1.3510073135341,0.271801529470351,3.80778899614114e-08,2.35368957323974e-06,TRUE,"up"
"Gene0085",166.00787583625,-1.29925732491102,0.276793387732649,1.07455508686416e-07,6.25138224063913e-06,TRUE,"down"
"Gene0021",48.4552415720921,1.34393110831495,0.287701593076027,1.65233038566749e-07,9.07863750791748e-06,TRUE,"up"
"Gene0057",39.529435531367,1.61494315273466,0.362766094393145,2.81799758048966e-07,1.32714267004966e-05,TRUE,"up"
"Gene0086",36.8156256178688,-1.52657582197825,0.335438596700541,2.7313563768855e-07,1.32714267004966e-05,TRUE,"down"
"Gene0017",111.134099642956,1.45449235899912,0.320837131766593,2.64493701824937e-07,1.32714267004966e-05,TRUE,"up"
"Gene0026",122.000045604693,1.33871674043023,0.294511995179368,2.99991841842992e-07,1.34859968901236e-05,TRUE,"up"
"Gene0034",197.611125765109,1.58162275748122,0.359465982547958,3.36948113034165e-07,1.39722544424322e-05,TRUE,"up"
"Gene0059",116.833405394399,1.27900981544013,0.287249032638984,3.39063808512006e-07,1.39722544424322e-05,TRUE,"up"
"Gene0015",223.306735824,1.53437001334466,0.3452798202672,3.90676848553624e-07,1.48607462776744e-05,TRUE,"up"
"Gene0058",197.960265894901,1.50746985030987,0.337726724440341,3.80549834618668e-07,1.48607462776744e-05,TRUE,"up"
"Gene0070",200.84153727579,-1.24397748389351,0.278938578514279,4.73451976080843e-07,1.73423705312575e-05,TRUE,"down"
"Gene0097",98.0580672289949,-1.36197821282697,0.315162307304325,6.94982992989461e-07,2.45477921452349e-05,TRUE,"down"
"Gene0039",29.3341733030369,1.60199697518748,0.369586450032276,7.51686563849991e-07,2.56351038499187e-05,TRUE,"up"
"Gene0073",66.4059315070487,-1.23193755733033,0.286140167753702,9.60663057180401e-07,3.16698587850472e-05,TRUE,"down"
"Gene0093",71.8617215891949,-1.15722849951717,0.279189731898575,2.0355981255004e-06,6.49421466490288e-05,TRUE,"down"
"Gene0005",71.6169808778938,1.61962729662376,0.407962786685646,2.7602227760687e-06,8.53081351728732e-05,TRUE,"up"
"Gene0090",131.591402409843,-1.42600260459046,0.371285865644897,3.68608426448652e-06,0.000110470828411429,TRUE,"down"
"Gene0074",67.1164608314273,-1.25202159223163,0.314540694344167,4.11588552008779e-06,0.000119723846451965,TRUE,"down"
"Gene0075",473.120664703359,-1.18911243351076,0.302614216381083,4.33590296348026e-06,0.000122520229453771,TRUE,"down"
"Gene0078",52.6539180167537,-1.25710504727899,0.327361507840585,5.823783437231e-06,0.000159992272761707,TRUE,"down"
"Gene0010",232.113802817461,1.42844411543758,0.376607695423397,6.76500746744756e-06,0.000180826821224477,TRUE,"up"
"Gene0002",265.129149227083,1.37304082133797,0.371397800111737,1.10540051448353e-05,0.000287695028637951,TRUE,"up"
"Gene0053",68.6063448982479,1.31082579071217,0.35977356637778,1.38620861996124e-05,0.000351528288497862,TRUE,"up"
"Gene0051",264.497667590056,1.10298347188769,0.300935289033846,1.46976648283948e-05,0.00036339976288206,TRUE,"up"
"Gene0079",16.7713094745018,-1.4637156405019,0.402644081779382,1.51328765754965e-05,0.000365034510565024,TRUE,"down"
"Gene0099",62.183980845453,-1.04836424730519,0.287610833306628,1.62025274721845e-05,0.000381530944523582,TRUE,"down"
"Gene0092",45.648985584264,-1.2172720456404,0.343195954654461,2.01173888257756e-05,0.000462699942992838,TRUE,"down"
"Gene0036",124.399367923957,1.25523370188404,0.363004798717137,2.12278030046185e-05,0.000477143117535628,TRUE,"up"
"Gene0095",30.1521444989277,-1.33744189781576,0.384550476399453,2.33862669542892e-05,0.000513978178173156,TRUE,"down"
"Gene0080",58.5330572237955,-1.07593080969818,0.308346220955312,2.83394980051307e-05,0.00060929920711031,TRUE,"down"
"Gene0052",83.4277420899305,1.16264538912959,0.338924020855431,3.26518598086858e-05,0.000687078496825325,TRUE,"up"
"Gene0067",63.9621371418202,-1.21493228856425,0.370643419280296,3.61038131835904e-05,0.000743888984136894,TRUE,"down"
"Gene0025",367.265939488921,1.22891978184724,0.387161926744367,4.70691677780324e-05,0.000950028712907634,TRUE,"up"
"Gene0047",115.401538116489,1.04565142232064,0.311082398330964,5.24634144482034e-05,0.00101737876253477,TRUE,"up"
"Gene0060",88.6792190603333,1.02884111056157,0.306228903447623,5.20501728490499e-05,0.00101737876253477,TRUE,"up"
"Gene0023",660.091362864679,1.11318828459211,0.343345366983754,5.66927369301422e-05,0.00107825224661367,TRUE,"up"
"Gene0066",151.641474879112,-0.959666456123981,0.299890890350596,7.31363754369714e-05,0.00136475236428613,FALSE,"not_significant"
"Gene0065",40.1451196425292,-1.03313221113945,0.324381373642971,9.72102319727423e-05,0.00178038739668596,TRUE,"down"
"Gene0022",421.525901519791,1.09573310621507,0.357410456237402,0.000112739214988234,0.00202725606587933,TRUE,"up"
"Gene0064",14.390669402893,-1.39311971597058,0.456645324211216,0.000115383599033755,0.00203775677579256,TRUE,"down"
"Gene0007",197.761647564927,0.900624386900278,0.291323317731757,0.000153039749947275,0.00265537390697991,FALSE,"not_significant"
"Gene0030",341.177669926131,0.810860926639138,0.260057966392088,0.0001600915957964,0.00272983772832137,FALSE,"not_significant"
"Gene0056",199.271409768257,0.92771153703054,0.309829407771465,0.000190146875510648,0.00318737728610222,FALSE,"not_significant"
"Gene0041",67.0628305337388,0.967317762619265,0.328110579045685,0.000218490055860143,0.00360144442076135,FALSE,"not_significant"
"Gene0077",132.61546211635,-1.10690771019587,0.40154596302552,0.00023735300025024,0.00384823143028667,TRUE,"down"
"Gene0076",37.1378019767538,-1.00604314909966,0.349958172084744,0.000243816245165746,0.00388926236240198,TRUE,"down"
"Gene0020",42.5371946818944,1.08576385442839,0.386299724353083,0.000257144236222772,0.00403675634324319,TRUE,"up"
"Gene0087",48.3725915495143,-1.00974252636611,0.383717502659274,0.000492025109194303,0.00748635127681794,TRUE,"down"
"Gene0088",38.092157839386,-0.889246271147527,0.328956807340518,0.000486265481591989,0.00748635127681794,FALSE,"not_significant"
"Gene0045",259.588305686665,0.898312176133247,0.343089511169989,0.000516348295146205,0.0077374009681757,FALSE,"not_significant"
"Gene0055",36.5341224829755,0.919728967929287,0.349942134281427,0.000566947335598069,0.00836881962547,FALSE,"not_significant"
"Gene0091",213.332825429833,-0.80513176886742,0.297500427535186,0.000583898347812669,0.00849228626451073,FALSE,"not_significant"
"Gene0050",201.902185039401,0.845982674494393,0.323597740144466,0.00068876559977602,0.00987230693012296,FALSE,"not_significant"
"Gene0046",1854.94996351046,0.918838985248598,0.360130176422533,0.00072615589903903,0.0102595454878514,FALSE,"not_significant"
"Gene0001",15.9286093126547,1.05715688496266,0.430201618631523,0.00074865015494418,0.010428380327321,TRUE,"up"
"Gene0089",184.072398737316,-0.674049325476483,0.256847503951849,0.00097556284505091,0.013400439635491,FALSE,"not_significant"
"Gene0063",20.2187307133879,-0.89070885219118,0.375439584624163,0.0012295746886065,0.0166582105072853,FALSE,"not_significant"
"Gene0048",71.4795590760886,0.903024244241638,0.39229609172302,0.00130722891445962,0.0174709377891968,FALSE,"not_significant"
"Gene0094",85.2741417211655,-0.715369676611246,0.318294116322289,0.00195764668096929,0.0258148342330484,FALSE,"not_significant"
"Gene0430",44.2913619506801,0.702316725426909,0.323596581559054,0.00285553982240424,0.0371595905836552,FALSE,"not_significant"
"Gene0725",36.8495863818297,0.709655036089279,0.346143798023358,0.00319850931984964,0.0405554579145037,FALSE,"not_significant"
"Gene0240",78.4406443018151,-0.672037301992196,0.315895249444298,0.00317677299120297,0.0405554579145037,FALSE,"not_significant"
"Gene0033",15.7209026007235,0.813591039037379,0.414577988973011,0.00330517596060934,0.0413774560131979,FALSE,"not_significant"
"Gene0029",35.7473415727333,0.735946073265093,0.358078546382868,0.00336714393104321,0.0416263168475217,FALSE,"not_significant"
"Gene0024",43.190320893636,0.78507690313393,0.418138468688769,0.00378390237144778,0.0462009808069365,FALSE,"not_significant"
"Gene0096",16.180727263945,-0.756025873841768,0.388704761970791,0.00401687224080567,0.0478636945320098,FALSE,"not_significant"
"Gene0084",124.347477423945,-0.676203558756113,0.344342150092148,0.0039940714162304,0.0478636945320098,FALSE,"not_significant"
"Gene0072",27.9122451292009,-0.729378189234324,0.387017854955507,0.00429878057527505,0.0506130236779408,FALSE,"not_significant"
"Gene0071",110.145296671109,-0.640334837342986,0.333688519119546,0.00497310171866778,0.0578635011736757,FALSE,"not_significant"
"Gene0848",44.4460541136983,0.586652336713861,0.304608296137252,0.006768468493353,0.0778373876735595,FALSE,"not_significant"
"Gene0032",189.064696990589,0.655523207667691,0.384214910784459,0.00701088357253169,0.0796984350946418,FALSE,"not_significant"
"Gene0031",561.522547018071,0.620416195410152,0.39390394968733,0.00758961854477116,0.085296962963394,FALSE,"not_significant"
"Gene0019",63.7793324358623,0.608293752584223,0.345795906650167,0.00823921770325268,0.0915571495338978,FALSE,"not_significant"
"Gene0827",93.3937454795373,-0.568857124730745,0.32830889239285,0.00860044389198875,0.0945093223241875,FALSE,"not_significant"
"Gene0440",249.906854231172,-0.471690439899181,0.244480279105902,0.00964020619979085,0.104771032215309,FALSE,"not_significant"
"Gene0082",137.11233816926,-0.474748236163476,0.247316262875348,0.0101603998756358,0.109224298663085,FALSE,"not_significant"
"Gene0908",141.504221047669,0.539587158181279,0.30939867639569,0.0107410960796779,0.114225204546252,FALSE,"not_significant"
"Gene0368",42.5986182243878,0.543497961291365,0.324694576614382,0.0116832958815238,0.121801867170744,FALSE,"not_significant"
"Gene0134",102.480658201823,0.540188477179994,0.325940933023885,0.0116998760174122,0.121801867170744,FALSE,"not_significant"
"Gene0061",10.301452825219,-0.651902171901619,0.469130663155374,0.0123795860479861,0.124956880337563,FALSE,"not_significant"
"Gene0751",125.594983481564,-0.587681253581632,0.444291843337145,0.012329063517746,0.124956880337563,FALSE,"not_significant"
"Gene0199",41.9509378610538,-0.561151194934672,0.354098462114224,0.0123819760091821,0.124956880337563,FALSE,"not_significant"
"Gene0228",402.853804234105,0.561524280850263,0.385172957818078,0.0126514926882413,0.125306402650636,FALSE,"not_significant"
"Gene0349",411.5828108757,-0.559255714238822,0.395030592376339,0.012705125114365,0.125306402650636,FALSE,"not_significant"
"Gene0778",49.6021647943442,0.525202216500937,0.312368892227262,0.0127967104830275,0.125306402650636,FALSE,"not_significant"
"Gene0222",113.521514362166,-0.483031255335017,0.27932956206696,0.0135117840608038,0.131011318001323,FALSE,"not_significant"
"Gene0471",702.801697717938,-0.445135912673745,0.242156386907343,0.0138203257564622,0.13270196284603,FALSE,"not_significant"
"Gene0081",88.6870269102603,-0.556177015390037,0.388109471210021,0.01541022824462,0.146545343595473,FALSE,"not_significant"
"Gene0152",152.10720172977,-0.438909096859026,0.245874824878621,0.0155683070739938,0.146638625677904,FALSE,"not_significant"
"Gene0279",52.1976844114439,0.543669844316818,0.372832227206637,0.016137097493806,0.150562164352587,FALSE,"not_significant"
"Gene0656",49.2711949831676,0.447672488011168,0.259389416805964,0.0168402544706901,0.155654314687032,FALSE,"not_significant"
"Gene0009",558.567904739466,0.460306578855446,0.282080754981667,0.0171539930608869,0.157086103122381,FALSE,"not_significant"
"Gene0579",13.7200623614184,0.5608584513579,0.423478395928217,0.0174647148604646,0.158464247678895,FALSE,"not_significant"
"Gene0746",33.2221533162881,-0.473310244964747,0.305422747498657,0.0195116590448279,0.175427552684862,FALSE,"not_significant"
"Gene0757",75.6398322871876,-0.468321532014,0.320283476333961,0.0213210730922627,0.189968840434665,FALSE,"not_significant"
"Gene0139",231.469205917893,-0.38002007714326,0.217721878414054,0.0224175606023799,0.197955066390659,FALSE,"not_significant"
"Gene0166",26.8915262861594,-0.486763342144528,0.375928967736672,0.0234795180503366,0.203919297669587,FALSE,"not_significant"
"Gene0871",197.667375554252,-0.402907990360361,0.244079714198735,0.0235053588820353,0.203919297669587,FALSE,"not_significant"
"Gene0013",54.4309067882474,0.438515805137068,0.287902621087832,0.0238724415290305,0.204329295104908,FALSE,"not_significant"
"Gene0193",186.854078979901,-0.419674928859501,0.274957531454079,0.0239658222772187,0.204329295104908,FALSE,"not_significant"
"Gene0266",177.765673142207,-0.405428673607838,0.253410336602875,0.0247983002975006,0.209619820463488,FALSE,"not_significant"
"Gene0028",78.9222507952517,0.431914253423361,0.325908589872213,0.0307307998532148,0.257565771651097,FALSE,"not_significant"
"Gene0255",22.7126274921955,-0.42210910059274,0.308138526385353,0.0325633413836959,0.270631467466179,FALSE,"not_significant"
"Gene0044",36.4438663242995,0.432484805265888,0.371389386946588,0.0335702026696119,0.276273646459742,FALSE,"not_significant"
"Gene0448",45.5932604301109,0.429072843808296,0.371999654065057,0.0338009213565509,0.276273646459742,FALSE,"not_significant"
"Gene0652",282.147639151518,-0.395811099197145,0.299608823988285,0.0343824584437304,0.27872337213811,FALSE,"not_significant"
"Gene0603",46.1704169955656,0.428100616344753,0.349461631767348,0.0353659186266686,0.279815148174202,FALSE,"not_significant"
"Gene0529",164.202610216425,0.391048593721029,0.278913718128072,0.0349329490522022,0.279815148174202,FALSE,"not_significant"
"Gene0532",56.6995386683223,-0.383329229985317,0.262411180839939,0.0352128439732727,0.279815148174202,FALSE,"not_significant"
"Gene0741",24.6913182410434,0.427980729040795,0.390409939868707,0.0361669337210733,0.283881725794774,FALSE,"not_significant"
"Gene0304",316.210006852043,-0.386529230309797,0.30339863626503,0.0382682721160769,0.298007253055095,FALSE,"not_significant"
"Gene0422",83.9409530487285,-0.378097380005877,0.269385832847494,0.0385691894752803,0.298007253055095,FALSE,"not_significant"
"Gene0027",59.6269901188416,0.378976053662482,0.284908972924754,0.0401606899599139,0.306737747143173,FALSE,"not_significant"
"Gene0885",199.758941593378,0.362493171283748,0.249655905976812,0.0403194207569388,0.306737747143173,FALSE,"not_significant"
"Gene0720",86.7465426256386,0.383666225510443,0.289406425953921,0.0412988139054333,0.309428234488435,FALSE,"not_significant"
"Gene0653",96.5600911353313,0.356435046530722,0.245186417643511,0.0410898502212205,0.309428234488435,FALSE,"not_significant"
"Gene0815",538.546473622203,-0.370439044309838,0.294893216562046,0.0437863935323914,0.32559957295891,FALSE,"not_significant"
"Gene0747",15.3737222485519,-0.396800642095501,0.368978412307129,0.0445564925033222,0.328853515565565,FALSE,"not_significant"
"Gene0648",43.8517544404176,0.386192658179116,0.330870407238113,0.0451372358478024,0.330672046322049,FALSE,"not_significant"
"Gene0276",11.2819037472812,-0.390154153589432,0.374302636674901,0.0487873001937744,0.354784116850316,FALSE,"not_significant"
"Gene0372",93.165708307399,-0.33829854630384,0.24260449487162,0.049161218859536,0.354893762423949,FALSE,"not_significant"
"Gene0287",346.743042703857,0.339858754545326,0.247987121875748,0.0499917985657948,0.358274556388196,FALSE,"not_significant"
"Gene0237",40.1105043947697,0.370566155375194,0.323284185496888,0.0505048748654779,0.359347634834228,FALSE,"not_significant"
"Gene0016",39.9418031408096,0.379818131160884,0.357078056815846,0.0510948148956379,0.360948370941327,FALSE,"not_significant"
"Gene0437",81.6420919319494,0.340683500795393,0.259709271317928,0.0516328500548689,0.362162331235924,FALSE,"not_significant"
"Gene0388",238.345942054731,-0.343114686950367,0.296810330161693,0.0531953090481144,0.366408083207356,FALSE,"not_significant"
"Gene0348",145.969263415447,-0.334699326637825,0.247378040725461,0.053349609688432,0.366408083207356,FALSE,"not_significant"
"Gene0499",70.4763719317013,0.32686134036664,0.232981681733632,0.0527418517649933,0.366408083207356,FALSE,"not_significant"
"Gene0408",355.147396442451,0.355204384824156,0.326505246491381,0.0568283809572787,0.387608750115508,FALSE,"not_significant"
"Gene0561",62.4394050082549,-0.347509832773981,0.30238121373343,0.0580618991724095,0.393309714256938,FALSE,"not_significant"
"Gene0387",102.412641819862,0.331666476020134,0.261409746098829,0.0588160151313313,0.395707748060454,FALSE,"not_significant"
"Gene0582",27.6304279180511,0.346651170053754,0.301438722359593,0.0603796771393993,0.401672993948702,FALSE,"not_significant"
"Gene0204",25.390555379704,-0.345690895628012,0.31739289992722,0.0609210809831196,0.401672993948702,FALSE,"not_significant"
"Gene0571",114.746981690711,0.332211282876312,0.279682562885721,0.060838525846551,0.401672993948702,FALSE,"not_significant"
"Gene0683",93.6919766993569,-0.333272550958073,0.310667655293985,0.0635979666622978,0.416545622708692,FALSE,"not_significant"
"Gene0832",17.6205866362942,-0.332470654248526,0.365030256274213,0.0641566000146152,0.417050231583781,FALSE,"not_significant"
"Gene0696",99.5152583812443,-0.322473265976788,0.265174602777836,0.0645183876969854,0.417050231583781,FALSE,"not_significant"
"Gene0011",117.814191538095,0.317835858634475,0.265868117709753,0.065360374359259,0.419749417151345,FALSE,"not_significant"
"Gene0575",465.497659613179,0.300523493564668,0.224187394333954,0.0674071810652521,0.430101303700222,FALSE,"not_significant"
"Gene0907",23.9209657962775,0.332903933567909,0.307308500901504,0.069694293480518,0.434011409210097,FALSE,"not_significant"
"Gene0068",22.0850706367721,-0.331703319747502,0.29489236197001,0.0687124538443745,0.434011409210097,FALSE,"not_significant"
"Gene0113",109.893766785733,-0.327763178250297,0.304508479316111,0.069775342835597,0.434011409210097,FALSE,"not_significant"
"Gene0564",217.156569059874,0.324809257805449,0.318500308887802,0.0690484425880091,0.434011409210097,FALSE,"not_significant"
"Gene0816",105.168208732157,0.328657112276981,0.318625436339397,0.0713141055104058,0.440810314686196,FALSE,"not_significant"
"Gene0446",286.555170548336,0.321762083347199,0.293800561497545,0.0721272935804333,0.443067660565519,FALSE,"not_significant"
"Gene0194",120.364668910027,0.304759551753802,0.359888160425283,0.0728435538340636,0.44470539964129,FALSE,"not_significant"
"Gene0923",81.7392075799538,0.313043355122649,0.269242569112477,0.0733733241746795,0.445191519072135,FALSE,"not_significant"
"Gene0952",38.8886287090957,0.31868856292699,0.307782604186558,0.0754300122440691,0.44647661378242,FALSE,"not_significant"
"Gene0624",92.7085535642161,-0.316756404316467,0.298191533837688,0.0754478530280755,0.44647661378242,FALSE,"not_significant"
"Gene0378",65.4500920942396,-0.316561574057975,0.28067327138195,0.0745375302904851,0.44647661378242,FALSE,"not_significant"
"Gene0892",39.4795366987041,-0.314061950593209,0.319249742002602,0.0761467841586825,0.44647661378242,FALSE,"not_significant"
"Gene0159",81.7792065617706,0.311718268975662,0.285920664889594,0.0762937793015461,0.44647661378242,FALSE,"not_significant"
"Gene0583",7.64208003033633,-0.283344229018098,0.393592750032444,0.074879023840117,0.44647661378242,FALSE,"not_significant"
"Gene0147",73.1886455011462,-0.297544941069842,0.328686718818336,0.0774318811865382,0.450471355844037,FALSE,"not_significant"
"Gene0695",41.5559041307767,-0.306754655211403,0.266026249141126,0.0781478552479368,0.451977946433974,FALSE,"not_significant"
"Gene0103",32.641228599504,0.31354353182864,0.318146368632949,0.0802638101700939,0.459509287500238,FALSE,"not_significant"
"Gene0795",33.2940673696701,0.308705758669015,0.285577147496465,0.0806867759508089,0.459509287500238,FALSE,"not_significant"
"Gene0958",36.4478919339577,-0.307694513140396,0.281039042197379,0.0808438989130854,0.459509287500238,FALSE,"not_significant"
"Gene0359",51.7476948139508,0.310230197571116,0.304948398477967,0.082294066738633,0.463384678316503,FALSE,"not_significant"
"Gene0921",262.658722715488,0.305126164319922,0.289199337549747,0.0824627941190137,0.463384678316503,FALSE,"not_significant"
"Gene0712",24.7648511209105,0.30789132966445,0.291263737269699,0.0838727835163134,0.463513203950583,FALSE,"not_significant"
"Gene0227",207.69486296428,-0.301908031888683,0.275221684889817,0.0842903079295999,0.463513203950583,FALSE,"not_significant"
"Gene0904",104.729328532613,0.299218138579514,0.268090772485752,0.0842405454310179,0.463513203950583,FALSE,"not_significant"
"Gene0912",82.52734595956,0.297689379908153,0.262521789838213,0.0843603404561224,0.463513203950583,FALSE,"not_significant"
"Gene0315",85.7908370561103,0.298043550018895,0.270341812649867,0.0854051836031867,0.466661472837302,FALSE,"not_significant"
"Gene0534",99.2893992129538,-0.299512555481453,0.27559416068587,0.085940681274684,0.467007328465179,FALSE,"not_significant"
"Gene0667",258.927310117497,-0.289585281344659,0.258755959182704,0.08722526583457,0.471397748144206,FALSE,"not_significant"
"Gene0198",153.837115712316,0.280979087292858,0.235879024886015,0.089067638230947,0.477374999870401,FALSE,"not_significant"
"Gene0157",238.95704957776,-0.27882838929051,0.230742822903994,0.0892966379939578,0.477374999870401,FALSE,"not_significant"
"Gene0301",19.668046351329,-0.293661873352115,0.306348794937112,0.0942950784914717,0.496052301213114,FALSE,"not_significant"
"Gene0985",33.4109257909566,0.291459223333036,0.296371885188183,0.0938559422858056,0.496052301213114,FALSE,"not_significant"
"Gene0879",151.207999197142,0.281785205433877,0.266976045209956,0.0941131055086123,0.496052301213114,FALSE,"not_significant"
"Gene0168",48.5649950256972,0.285108251681437,0.281883642237164,0.0994779753622254,0.517809040174952,FALSE,"not_significant"
"Gene0281",9.18484366289288,0.276981487513028,0.341053097270637,0.0993889830252183,0.517809040174952,FALSE,"not_significant"
"Gene0651",110.067402854824,0.278888805113396,0.255188074724889,0.100308315828533,0.519397509708999,FALSE,"not_significant"
"Gene0822",56.1133113273885,-0.28403380494447,0.290786270298269,0.101895579440174,0.523871335687483,FALSE,"not_significant"
"Gene0640",321.090171447058,-0.273727814374884,0.278564974501985,0.102484818329717,0.523871335687483,FALSE,"not_significant"
"Gene0125",5.2806635737656,0.225528383311113,0.355636662135944,0.102761414684906,0.523871335687483,FALSE,"not_significant"
"Gene0585",33.0690777186093,-0.276067337633955,0.285311704909634,0.106750628612397,0.541417290757232,FALSE,"not_significant"
"Gene0909",97.1233473418831,-0.270871927962375,0.281828946977495,0.111754990868851,0.563516743072685,FALSE,"not_significant"
"Gene0649",86.6436721522635,-0.268470663434738,0.276783535392668,0.112247521117613,0.563516743072685,FALSE,"not_significant"
"Gene0733",81.2967477502711,-0.255021701856389,0.296553832668924,0.113533445478507,0.567093826152745,FALSE,"not_significant"
"Gene0037",92.3968131545726,0.264158676113461,0.265310156494128,0.117370468790937,0.577509421065857,FALSE,"not_significant"
"Gene0754",624.814394792396,0.261776071947924,0.246887706428239,0.117221076281811,0.577509421065857,FALSE,"not_significant"
"Gene0439",68.0481704690856,0.256728581255673,0.24858860518065,0.117307884482809,0.577509421065857,FALSE,"not_significant"
"Gene0793",33.7838838990488,0.262092028996294,0.264811493556298,0.118007679952782,0.577770274620304,FALSE,"not_significant"
"Gene0940",79.7705681873665,0.26414508741185,0.298266514356541,0.118926229513115,0.579399216691974,FALSE,"not_significant"
"Gene0799",24.1731557005459,-0.259893535561255,0.268368778885022,0.122929840300465,0.587331459213335,FALSE,"not_significant"
"Gene0802",44.0582373151395,-0.257255468193879,0.25330001822285,0.121536667374462,0.587331459213335,FALSE,"not_significant"
"Gene0538",148.456308516502,0.244093483748626,0.216286957293314,0.122877835364942,0.587331459213335,FALSE,"not_significant"
"Gene0560",131.863443009107,0.23978074138069,0.208154007710927,0.122608312820452,0.587331459213335,FALSE,"not_significant"
"Gene0376",47.0839469212732,-0.251726850324261,0.310173964128929,0.126033097119558,0.599263139669438,FALSE,"not_significant"
"Gene0191",241.735468114017,-0.238878280226213,0.298617070962213,0.127403233250428,0.602879414759202,FALSE,"not_significant"
"Gene0337",27.1823189341423,0.249995022351069,0.254017978535928,0.131569003875008,0.613931428912077,FALSE,"not_significant"
"Gene0969",25.9243558862153,-0.249858866411455,0.280914160902256,0.1328955299175,0.613931428912077,FALSE,"not_significant"
"Gene0332",292.478475283346,-0.248614813990798,0.265358103750791,0.13358956138173,0.613931428912077,FALSE,"not_significant"
"Gene0244",59.5391106430725,-0.246364704412474,0.245092774152684,0.131916001594206,0.613931428912077,FALSE,"not_significant"
"Gene0109",283.987569461093,-0.243959851323899,0.242403838937068,0.130602346971602,0.613931428912077,FALSE,"not_significant"
"Gene0685",229.077345549711,-0.242205855263199,0.234350026888455,0.134084113897885,0.613931428912077,FALSE,"not_significant"
"Gene0955",86.4721474982243,-0.237322390863291,0.219613541154859,0.132714813360654,0.613931428912077,FALSE,"not_significant"
"Gene0436",21.5188714958388,0.249406958116766,0.276843711835476,0.135940791456879,0.61956425230808,FALSE,"not_significant"
"Gene0792",35.5591087723634,0.24490708299239,0.290825144241369,0.138019234037563,0.626151479188762,FALSE,"not_significant"
"Gene0723",27.0305834110909,0.156179245954887,0.316606406226817,0.140668955284454,0.63525843276861,FALSE,"not_significant"
"Gene0959",530.688493302928,0.238847934884378,0.252755221099064,0.142450281437805,0.637481123719406,FALSE,"not_significant"
"Gene0808",128.884149624698,-0.228770703629346,0.215716891927228,0.141897912329342,0.637481123719406,FALSE,"not_significant"
"Gene0657",536.442898142687,-0.222453364994665,0.208027791118884,0.146971346019956,0.654750726188001,FALSE,"not_significant"
"Gene0257",35.2814986471551,0.236365815432863,0.269645175724877,0.14991127593501,0.656338274499609,FALSE,"not_significant"
"Gene0961",25.9412184781774,-0.236004145460004,0.280489898510631,0.14838813656181,0.656338274499609,FALSE,"not_significant"
"Gene0830",247.660608215233,0.235494559354767,0.258139852016475,0.14979627956034,0.656338274499609,FALSE,"not_significant"
"Gene0590",53.7709525486055,-0.235217977490838,0.256305619382792,0.150645893135906,0.656338274499609,FALSE,"not_significant"
"Gene0826",64.4494466283689,-0.234047105013524,0.26900015367443,0.150007395623467,0.656338274499609,FALSE,"not_significant"
"Gene0806",210.767763076598,-0.230668368269554,0.263002388234818,0.154491114597645,0.667212717629129,FALSE,"not_significant"
"Gene0633",1670.84004375844,0.225200842945817,0.228746191811341,0.154460629955609,0.667212717629129,FALSE,"not_significant"
"Gene0515",20.4272490648717,-0.217293783568747,0.303910540981505,0.157212804043112,0.676015057385382,FALSE,"not_significant"
"Gene0177",170.551884855091,0.226498318829512,0.24341326302975,0.158323730897946,0.677844891160471,FALSE,"not_significant"
"Gene0665",30.1111400857245,0.230216378539562,0.278241217420288,0.159242349188577,0.67876823324752,FALSE,"not_significant"
"Gene0731",27.0080463147622,-0.229290168946366,0.255941169806061,0.159912030684198,0.67876823324752,FALSE,"not_significant"
"Gene0797",21.8446775430147,-0.22809153621613,0.259255085744988,0.160638655511343,0.678773488809049,FALSE,"not_significant"
"Gene0458",61.7904039776372,-0.226354044268907,0.255638365899794,0.161972237976679,0.678773488809049,FALSE,"not_significant"
"Gene0314",14.3772992841901,-0.22088267124085,0.294864699311499,0.161317499434091,0.678773488809049,FALSE,"not_significant"
"Gene0927",60.1380999081764,0.223214235479832,0.241642688926754,0.163040629424295,0.680367858652438,FALSE,"not_significant"
"Gene0390",77.4518172352398,-0.225201643520031,0.256793008299499,0.165257104574431,0.683846344870761,FALSE,"not_significant"
"Gene0942",287.553806810219,-0.222363189827394,0.281391300173155,0.165117314382969,0.683846344870761,FALSE,"not_significant"
"Gene0261",35.8335471598064,0.2233732260583,0.238983233889887,0.166510333477069,0.686161332536753,FALSE,"not_significant"
"Gene0253",57.1214759502198,-0.220596457071942,0.249185370753231,0.168303966956167,0.687944133091693,FALSE,"not_significant"
"Gene0426",61.9898755793786,0.216796346043915,0.225233577258659,0.168334155923346,0.687944133091693,FALSE,"not_significant"
"Gene0288",42.867763718726,-0.21831313405456,0.25255279207377,0.175877877112164,0.694990498078974,FALSE,"not_significant"
"Gene0866",44.6766243467618,-0.214833723235327,0.275568392577404,0.173288707472211,0.694990498078974,FALSE,"not_significant"
"Gene0592",50.1756095822475,-0.212956954813531,0.28673203903951,0.176325631511551,0.694990498078974,FALSE,"not_significant"
"Gene0459",61.285894129406,0.211445449547011,0.291758675729345,0.175360111486272,0.694990498078974,FALSE,"not_significant"
"Gene0697",388.029086307038,0.211378652231912,0.216806324197048,0.174080129622739,0.694990498078974,FALSE,"not_significant"
"Gene0705",54.590763985586,0.211044457413969,0.266064533100496,0.17349971414495,0.694990498078974,FALSE,"not_significant"
"Gene0247",21.858426901543,-0.210784424364592,0.277501074911019,0.176382826104977,0.694990498078974,FALSE,"not_significant"
"Gene0570",211.331616984859,-0.207814650433795,0.213314934461512,0.175798360760479,0.694990498078974,FALSE,"not_significant"
"Gene0771",12.8521586641266,-0.20780688434934,0.295889157761183,0.174865711207727,0.694990498078974,FALSE,"not_significant"
"Gene0674",19.8617263678721,-0.211986838483188,0.287403234407918,0.178074476393252,0.698213499598075,FALSE,"not_significant"
"Gene0245",105.405665177622,0.19741852289723,0.28187153808679,0.178612755711135,0.698213499598075,FALSE,"not_significant"
"Gene0411",162.029858873274,-0.210169360678206,0.230586011535005,0.182822757393099,0.711857114416435,FALSE,"not_significant"
"Gene0234",30.4260541348831,-0.208130352859839,0.256400599965394,0.192168402502044,0.7424005862286,FALSE,"not_significant"
"Gene0911",49.5634005019876,0.203567509824916,0.264692293437715,0.191625087007385,0.7424005862286,FALSE,"not_significant"
"Gene0343",105.289255146846,0.205209495259685,0.238835309404397,0.194629690366779,0.742813845866415,FALSE,"not_significant"
"Gene0506",76.751305979099,-0.204909103996355,0.259679640397889,0.193653166577852,0.742813845866415,FALSE,"not_significant"
"Gene0976",43.9178319322025,-0.202515771128652,0.235877474886086,0.197526785167422,0.742813845866415,FALSE,"not_significant"
"Gene0729",157.177649567569,-0.20236516617117,0.242884259982353,0.200163014689371,0.742813845866415,FALSE,"not_significant"
"Gene0442",330.563925739647,-0.202207910439122,0.220624281453858,0.196040974889976,0.742813845866415,FALSE,"not_significant"
"Gene0753",48.4149670309,0.20214775645871,0.235290180153637,0.19974517844812,0.742813845866415,FALSE,"not_significant"
"Gene0566",352.048673451745,-0.202091682702995,0.250211638049144,0.194603286150378,0.742813845866415,FALSE,"not_significant"
"Gene0828",40.2116653145557,0.201775934731608,0.238660758993105,0.201586496660531,0.742813845866415,FALSE,"not_significant"
"Gene0563",72.6341815944837,-0.198546593740155,0.223113886162088,0.20188969009838,0.742813845866415,FALSE,"not_significant"
"Gene0404",100.142989286658,-0.198346010043356,0.230054973133661,0.199159759448443,0.742813845866415,FALSE,"not_significant"
"Gene0112",22.011710158628,0.196193929652231,0.273938840995018,0.202039357470238,0.742813845866415,FALSE,"not_significant"
"Gene0814",114.536456839484,-0.196084280913022,0.267092237207894,0.197017787848337,0.742813845866415,FALSE,"not_significant"
"Gene0479",194.969616501942,0.193881151733476,0.270727585235768,0.199298348701503,0.742813845866415,FALSE,"not_significant"
"Gene0726",64.1560425381216,-0.197719781294591,0.243294006730606,0.20505631303309,0.75111367996195,FALSE,"not_significant"
"Gene0755",44.0278211618484,0.192892082208409,0.279313285841405,0.206792168671008,0.754676955039213,FALSE,"not_significant"
"Gene0444",69.2632638726322,0.197383839489664,0.245163156960678,0.208515578166261,0.755391600023559,FALSE,"not_significant"
"Gene0979",292.033445027591,0.195457435961494,0.23984195741408,0.207949192216915,0.755391600023559,FALSE,"not_significant"
"Gene0127",98.0654663872366,-0.195385119672935,0.242753247906114,0.210472262492478,0.759697327025768,FALSE,"not_significant"
"Gene0693",579.033237144584,0.19344606560038,0.227418837650547,0.212507811676399,0.764255366356214,FALSE,"not_significant"
"Gene0954",206.601623495062,0.19414886161011,0.240267556465765,0.216554539939161,0.77241544165424,FALSE,"not_significant"
"Gene0490",19.7266927849048,-0.18887379595635,0.277939416469331,0.216567591522987,0.77241544165424,FALSE,"not_significant"
"Gene0323",317.055787101736,-0.188870358776139,0.221220402661232,0.217119810697552,0.77241544165424,FALSE,"not_significant"
"Gene0188",55.5967410260256,0.190693924947509,0.242387343928846,0.218807916898607,0.775630931228394,FALSE,"not_significant"
"Gene0203",18.7768011491749,-0.188360785948346,0.270605667230254,0.219800971116611,0.776368430122602,FALSE,"not_significant"
"Gene0324",60.9028809748846,0.188640408384505,0.270888947481423,0.220657641412933,0.77662066675228,FALSE,"not_significant"
"Gene0362",39.1356497647517,-0.174559924149761,0.277122567625868,0.223274317548928,0.783043617219466,FALSE,"not_significant"
"Gene0865",28.91313022796,-0.190060588584276,0.242802948258049,0.225321581937449,0.784658607521608,FALSE,"not_significant"
"Gene0146",173.048810547377,-0.17764966771149,0.192326957319597,0.225003021647915,0.784658607521608,FALSE,"not_significant"
"Gene0760",75.7361315673926,0.188848008808661,0.241723384953794,0.229443008561491,0.796207492867769,FALSE,"not_significant"
"Gene0707",40.0197586258508,0.187542440184996,0.244975125298227,0.230421530034713,0.796807318896264,FALSE,"not_significant"
"Gene0331",35.9810820573244,-0.185333943557108,0.22672968343612,0.231278567419851,0.796984331631472,FALSE,"not_significant"
"Gene0569",58.8156822649925,-0.181820718163396,0.212348152696702,0.232942289351036,0.799930292250605,FALSE,"not_significant"
"Gene0862",1176.80842180349,-0.180820016548589,0.213084406323114,0.234842020566541,0.80366352366889,FALSE,"not_significant"
"Gene0484",99.6953850285244,0.180369376926728,0.249569954129838,0.240434154925023,0.815284344416377,FALSE,"not_significant"
"Gene0647",49.0430670675683,0.179838349925178,0.215037953197566,0.240710847896443,0.815284344416377,FALSE,"not_significant"
"Gene0930",208.63969757014,0.179744629438936,0.213372712442994,0.239865344041126,0.815284344416377,FALSE,"not_significant"
"Gene0128",112.896226916854,0.173868639723692,0.200082298132021,0.24336968480643,0.819379749022522,FALSE,"not_significant"
"Gene0338",116.813414154249,0.173450524820941,0.199903941264592,0.24357699313713,0.819379749022522,FALSE,"not_significant"
"Gene0600",73.9588632304872,0.176309463863359,0.246446326007174,0.252633559873755,0.846964714288621,FALSE,"not_significant"
"Gene0859",100.179116659159,-0.174513545551734,0.2322683554616,0.25758753242065,0.847135836116997,FALSE,"not_significant"
"Gene0765",197.106288966483,0.173051266554219,0.228404822289748,0.257224775256621,0.847135836116997,FALSE,"not_significant"
"Gene0485",146.498729333903,0.172738880514946,0.211759008255057,0.256603912979381,0.847135836116997,FALSE,"not_significant"
"Gene0531",56.8928913599004,-0.171368732056867,0.248029221492653,0.255125988123158,0.847135836116997,FALSE,"not_significant"
"Gene0214",158.537932570372,-0.169790083200988,0.230276416197056,0.257890736691761,0.847135836116997,FALSE,"not_significant"
"Gene0783",17.8935878428701,-0.164577176285716,0.269290146508903,0.258680508096393,0.847135836116997,FALSE,"not_significant"
"Gene0869",55.5181724769573,-0.164074883828985,0.269324447141931,0.253942284729222,0.847135836116997,FALSE,"not_significant"
"Gene0837",34.5695503019499,0.174143737699925,0.24509847383586,0.260809176635078,0.849521279564564,FALSE,"not_significant"
"Gene0434",180.908769764307,-0.16953741811506,0.213809064783974,0.261126864497095,0.849521279564564,FALSE,"not_significant"
"Gene0642",69.4105925535104,0.171739829519226,0.227622206868851,0.265862950164371,0.854966371160055,FALSE,"not_significant"
"Gene0369",322.317999511767,0.169043026087541,0.21837282111146,0.265332099674823,0.854966371160055,FALSE,"not_significant"
"Gene0551",41.7763830667664,-0.16893111022278,0.243485893792923,0.265853804095151,0.854966371160055,FALSE,"not_significant"
"Gene0246",298.822751725001,-0.167766534110632,0.212568402332934,0.266258485659552,0.854966371160055,FALSE,"not_significant"
"Gene0205",26.2874209082864,-0.168990664457463,0.250091898345588,0.269240815519036,0.855576497424686,FALSE,"not_significant"
"Gene0903",36.1849208851071,-0.167993561819251,0.240060115175536,0.270773957223384,0.855576497424686,FALSE,"not_significant"
"Gene0106",43.704656967565,-0.165819687504527,0.246100626893679,0.270307356631688,0.855576497424686,FALSE,"not_significant"
"Gene0260",17.7404315104011,-0.162360838770619,0.267126721787115,0.267612513624248,0.855576497424686,FALSE,"not_significant"
"Gene0576",32.2438183107828,0.161909051970686,0.267185220912497,0.269572322658642,0.855576497424686,FALSE,"not_significant"
"Gene0438",239.856454827181,0.166425424705201,0.237703317016588,0.272751640864191,0.85908080514231,FALSE,"not_significant"
"Gene0398",182.780999634566,-0.160548473647531,0.249203381153848,0.276260311632163,0.864624836089271,FALSE,"not_significant"
"Gene0395",7.94705214476579,0.15163740096723,0.277863488244887,0.275709551358034,0.864624836089271,FALSE,"not_significant"
"Gene0938",49.7106508985565,-0.166172023973132,0.2327798021028,0.277887220362169,0.864971692672961,FALSE,"not_significant"
"Gene0477",211.16383085857,-0.165165974211214,0.241733782224025,0.278120321809911,0.864971692672961,FALSE,"not_significant"
"Gene0140",231.473529169858,-0.160623009555288,0.221203944745483,0.279614272819574,0.86689189911774,FALSE,"not_significant"
"Gene0358",79.9602441099767,0.164608971200701,0.238657418347274,0.28242474005531,0.870027405453428,FALSE,"not_significant"
"Gene0161",130.060928370187,-0.163289254488361,0.229473049669612,0.283264736659256,0.870027405453428,FALSE,"not_significant"
"Gene0307",42.1221909295171,0.162789692065387,0.233209112689826,0.281696047580792,0.870027405453428,FALSE,"not_significant"
"Gene0847",86.629167897538,0.1616918215446,0.236487741851389,0.288994943531105,0.87643479257365,FALSE,"not_significant"
"Gene0589",112.650554471227,0.160209951076862,0.214603875073661,0.289826317278313,0.87643479257365,FALSE,"not_significant"
"Gene0424",182.182809036901,-0.158910380753106,0.214426103688117,0.290438525668213,0.87643479257365,FALSE,"not_significant"
"Gene0523",42.4301934050232,0.156360697517396,0.25642079296245,0.290359472982031,0.87643479257365,FALSE,"not_significant"
"Gene0219",142.910450165637,0.153100814504313,0.251227006523703,0.290217935833383,0.87643479257365,FALSE,"not_significant"
"Gene0573",15.1881968101895,-0.149341353730288,0.270770289763355,0.290667959518865,0.87643479257365,FALSE,"not_significant"
"Gene0894",81.3560810840289,-0.159550453855645,0.243146002087143,0.292323413191891,0.878747281601155,FALSE,"not_significant"
"Gene0181",159.332636789109,-0.15964122808401,0.215710128285156,0.29517562870785,0.879280726807452,FALSE,"not_significant"
"Gene0107",212.412826011703,-0.157712586267978,0.221135068658959,0.297835231021735,0.879280726807452,FALSE,"not_significant"
"Gene0500",106.434347862268,0.157633243265027,0.219836782441492,0.294695497643497,0.879280726807452,FALSE,"not_significant"
"Gene0142",93.9941632045174,0.15004133189704,0.261021458074317,0.296952235118183,0.879280726807452,FALSE,"not_significant"
"Gene0153",79.0888564436842,-0.146459066936084,0.266429332789606,0.29635664585773,0.879280726807452,FALSE,"not_significant"
"Gene0317",75.969928216808,-0.118529301305806,0.287413500114925,0.296131539001624,0.879280726807452,FALSE,"not_significant"
"Gene0213",33.6451507363357,-0.147420044941842,0.261340099911869,0.299329495221963,0.881062115400362,FALSE,"not_significant"
"Gene0170",17.3600161643211,0.154985159957006,0.25113292178615,0.30191576606322,0.886037663609865,FALSE,"not_significant"
"Gene0396",75.0428892021567,0.155765887624198,0.21614544179378,0.303749071759219,0.888780567958188,FALSE,"not_significant"
"Gene0167",45.2971664388661,0.155586174754477,0.225223578318011,0.307191197464004,0.889487799403223,FALSE,"not_significant"
"Gene0554",128.693335565285,0.153538164914122,0.232799136471736,0.310129968677909,0.889487799403223,FALSE,"not_significant"
"Gene0283",33.5636528969082,0.152805430417885,0.23753688210825,0.309736746319038,0.889487799403223,FALSE,"not_significant"
"Gene0690",561.352684790943,-0.152479080945366,0.238836291259941,0.305275304580224,0.889487799403223,FALSE,"not_significant"
"Gene0476",18.0585322077304,0.151725224478913,0.241407364085028,0.31506184346835,0.889487799403223,FALSE,"not_significant"
"Gene0460",77.4658219433442,-0.151408073987258,0.210279337646014,0.311268401885905,0.889487799403223,FALSE,"not_significant"
"Gene0151",372.047349632205,-0.151211582139693,0.225622006683292,0.306031955053889,0.889487799403223,FALSE,"not_significant"
"Gene0211",123.170782563745,0.151060575844101,0.240406943375362,0.311002377901189,0.889487799403223,FALSE,"not_significant"
"Gene0290",156.746275192932,-0.150489491354778,0.224976668519375,0.319472417586937,0.889487799403223,FALSE,"not_significant"
"Gene0492",99.5493763326628,-0.150353487714073,0.212132672403907,0.313134602925828,0.889487799403223,FALSE,"not_significant"
"Gene0441",30.8135896741222,0.150018875029296,0.22470495872674,0.322689837099845,0.889487799403223,FALSE,"not_significant"
"Gene0250",15.1522110365438,0.14952949949358,0.249167804441412,0.317927820052296,0.889487799403223,FALSE,"not_significant"
"Gene0639",123.868297423298,0.149344636844496,0.237748811567344,0.32158170828764,0.889487799403223,FALSE,"not_significant"
"Gene0788",178.0854042887,-0.148719183666324,0.221862201479138,0.317593326253335,0.889487799403223,FALSE,"not_significant"
"Gene0262",18.6320708850355,-0.148525685513925,0.244560864971128,0.322197459040974,0.889487799403223,FALSE,"not_significant"
"Gene0433",32.3657217714865,0.147862258338718,0.247545971913793,0.320013018835367,0.889487799403223,FALSE,"not_significant"
"Gene0775",168.620372533507,-0.147197733429062,0.243025239554566,0.320182238922115,0.889487799403223,FALSE,"not_significant"
"Gene0824",91.3233701896277,0.147183393614725,0.221161012290456,0.328873482637262,0.889487799403223,FALSE,"not_significant"
"Gene0748",37.7750960693337,0.147063135307741,0.23340211230723,0.33040428574971,0.889487799403223,FALSE,"not_significant"
"Gene0917",103.136128196221,0.147021602177324,0.235036374289134,0.32956736099679,0.889487799403223,FALSE,"not_significant"
"Gene0258",499.912381374115,0.146340880797668,0.215208453533738,0.33096896177152,0.889487799403223,FALSE,"not_significant"
"Gene0270",84.861160846878,-0.146118360345209,0.233210724347194,0.329661498469655,0.889487799403223,FALSE,"not_significant"
"Gene0449",164.725914537408,0.144627938049138,0.231917455310516,0.335469109380589,0.889487799403223,FALSE,"not_significant"
"Gene0962",39.8098754110422,-0.143845802542029,0.243286457740663,0.335271842135628,0.889487799403223,FALSE,"not_significant"
"Gene0114",21.4462666962766,0.143163297352231,0.251880360040064,0.330466061589001,0.889487799403223,FALSE,"not_significant"
"Gene0136",338.267732648728,0.142006065283481,0.190861070430158,0.331970019553301,0.889487799403223,FALSE,"not_significant"
"Gene0473",159.94631658234,-0.141831814148334,0.243956848578954,0.329222944944973,0.889487799403223,FALSE,"not_significant"
"Gene0686",15.6055412875692,0.141828550121081,0.249637256071474,0.333222780610834,0.889487799403223,FALSE,"not_significant"
"Gene0413",127.332713422233,-0.140139214674507,0.255214291198274,0.335117311884802,0.889487799403223,FALSE,"not_significant"
"Gene0176",26.8337236675067,0.140101070851682,0.263726909324548,0.312985622718827,0.889487799403223,FALSE,"not_significant"
"Gene0243",88.5246238556914,-0.139958810877092,0.256584832635706,0.332638239711109,0.889487799403223,FALSE,"not_significant"
"Gene0718",24.0399202496584,0.138919202572983,0.26671905636793,0.320937673529401,0.889487799403223,FALSE,"not_significant"
"Gene0945",783.898734273734,0.138107807295989,0.25944278229691,0.3102429718716,0.889487799403223,FALSE,"not_significant"
"Gene0680",13.4659425348009,-0.136677231089495,0.262121200940579,0.33528940070557,0.889487799403223,FALSE,"not_significant"
"Gene0226",97.8069976823153,0.13462455773369,0.258623357437846,0.327818619508366,0.889487799403223,FALSE,"not_significant"
"Gene0101",106.81953365179,-0.141503793936757,0.222956103430747,0.338070143512147,0.893005405580611,FALSE,"not_significant"
"Gene0470",158.766212327848,0.141227606125123,0.219833371357953,0.348418147644494,0.893005405580611,FALSE,"not_significant"
"Gene0179",31.7202622543983,-0.140879947772182,0.218271324240628,0.347336765212678,0.893005405580611,FALSE,"not_significant"
"Gene0886",360.411283063835,0.140739206753796,0.222872119236198,0.348806245448472,0.893005405580611,FALSE,"not_significant"
"Gene0863",89.4473220190552,-0.140556809633826,0.242002020176526,0.341020914090109,0.893005405580611,FALSE,"not_significant"
"Gene0767",194.765407082315,0.140417881698925,0.224885088820614,0.3441464658918,0.893005405580611,FALSE,"not_significant"
"Gene0268",63.1538845880002,-0.140274164323531,0.214147091981269,0.348475371896082,0.893005405580611,FALSE,"not_significant"
"Gene0299",129.491623186998,0.138015144271621,0.245048875367015,0.343543450777597,0.893005405580611,FALSE,"not_significant"
"Gene0750",328.204191065272,-0.137972192348582,0.223343981354919,0.355497492411026,0.893005405580611,FALSE,"not_significant"
"Gene0694",42.9039896862564,-0.137685534651612,0.231005349353858,0.356614491451845,0.893005405580611,FALSE,"not_significant"
"Gene0537",225.084524808721,-0.137560377666045,0.203300061288833,0.35203669861901,0.893005405580611,FALSE,"not_significant"
"Gene0670",144.381740466349,0.136923135385723,0.212585353967414,0.357816277160112,0.893005405580611,FALSE,"not_significant"
"Gene0238",182.215416805125,-0.136583886125811,0.247650493758407,0.341533126290739,0.893005405580611,FALSE,"not_significant"
"Gene0409",40.3158218878503,0.13653955825312,0.212326078497443,0.360197894285727,0.893005405580611,FALSE,"not_significant"
"Gene0187",23.4905488895289,0.136235540336547,0.242016975886414,0.353245531879769,0.893005405580611,FALSE,"not_significant"
"Gene0189",90.6821240310964,-0.1354043894313,0.225356087092275,0.354929315171019,0.893005405580611,FALSE,"not_significant"
"Gene0975",130.999313774762,0.135297811143784,0.230164760851213,0.353844699634657,0.893005405580611,FALSE,"not_significant"
"Gene0394",192.213535966979,0.134845252470166,0.213631498119622,0.367087367147452,0.893005405580611,FALSE,"not_significant"
"Gene0926",50.4179363103332,0.134291513313904,0.217270311621107,0.367916937631137,0.893005405580611,FALSE,"not_significant"
"Gene0688",111.235849187353,-0.133594745281374,0.201828556945919,0.36170118797049,0.893005405580611,FALSE,"not_significant"
"Gene0386",320.645514295008,0.133579285946308,0.235342201248173,0.363913615402148,0.893005405580611,FALSE,"not_significant"
"Gene0340",40.5211168987993,0.133342612574754,0.227761138600261,0.368398589966521,0.893005405580611,FALSE,"not_significant"
"Gene0855",69.4455518432011,0.133117895256381,0.241225437975304,0.358777524544169,0.893005405580611,FALSE,"not_significant"
"Gene0463",101.045140201508,-0.133079811783861,0.237499470546199,0.357799844686094,0.893005405580611,FALSE,"not_significant"
"Gene0752",23.5922197779728,-0.13190970147127,0.239872910208407,0.364471810704339,0.893005405580611,FALSE,"not_significant"
"Gene0759",142.798356141428,-0.13188173518568,0.187400073773986,0.35664254375346,0.893005405580611,FALSE,"not_significant"
"Gene0659",166.40542981374,0.131670553392167,0.253105976083086,0.345254648577945,0.893005405580611,FALSE,"not_significant"
"Gene0928",13.6687415687459,0.13163905179352,0.258980990149567,0.346515422176219,0.893005405580611,FALSE,"not_significant"
"Gene0381",87.9896698194083,-0.131170998746155,0.235975892210296,0.368302787540479,0.893005405580611,FALSE,"not_significant"
"Gene0293",80.1531278167638,-0.131080908072457,0.197290345268537,0.367651937598774,0.893005405580611,FALSE,"not_significant"
"Gene0300",86.2176051415361,0.130233125136873,0.248202145839431,0.362440722208215,0.893005405580611,FALSE,"not_significant"
"Gene0493",54.4880459137421,0.128340315943806,0.247671845933542,0.36458556642455,0.893005405580611,FALSE,"not_significant"
"Gene0229",8.58790030516873,0.127812161489763,0.263167586570849,0.355909690563877,0.893005405580611,FALSE,"not_significant"
"Gene0916",131.472408016864,-0.126935925711104,0.253079554009368,0.366120145406593,0.893005405580611,FALSE,"not_significant"
"Gene0380",29.7146226633099,-0.0946914362117345,0.281288493618817,0.338698279207087,0.893005405580611,FALSE,"not_significant"
"Gene0355",526.165049507384,0.131133126583847,0.223244848773092,0.371099801615642,0.895165131214318,FALSE,"not_significant"
"Gene0919",116.895350281833,0.123843679007418,0.247080958389458,0.370758054547317,0.895165131214318,FALSE,"not_significant"
"Gene0540",198.385429615284,0.131718615512532,0.207690256068289,0.375740647641736,0.897791976828365,FALSE,"not_significant"
"Gene0541",90.7995477645739,-0.130293701155415,0.216089793926472,0.373128081000178,0.897791976828365,FALSE,"not_significant"
"Gene0550",26.8856517691139,0.129329994595855,0.243485033748635,0.37581989727699,0.897791976828365,FALSE,"not_significant"
"Gene0333",104.595908778926,0.128232623647156,0.24801639645087,0.374485421662862,0.897791976828365,FALSE,"not_significant"
"Gene0947",30.9612142896306,-0.130470883073427,0.232506424391526,0.379465764396474,0.900463709226563,FALSE,"not_significant"
"Gene0973",378.466946385013,-0.129451938263661,0.217788053020219,0.379116890656622,0.900463709226563,FALSE,"not_significant"
"Gene0774",52.7420131714935,-0.129451230272211,0.229787729947,0.379669733819491,0.900463709226563,FALSE,"not_significant"
"Gene0208",86.2383836215501,-0.126399815584404,0.19107056547568,0.381323982571011,0.902223489862991,FALSE,"not_significant"
"Gene0435",53.2205144439592,-0.127184015432005,0.203417269339688,0.387739334646308,0.910060679509848,FALSE,"not_significant"
"Gene0800",46.3245956240828,-0.126124459952971,0.237710814319387,0.388317094795911,0.910060679509848,FALSE,"not_significant"
"Gene0496",66.2053002759181,0.125350864504711,0.19056200284981,0.38624208830181,0.910060679509848,FALSE,"not_significant"
"Gene0391",46.6094357606753,0.12490363618406,0.243570956655376,0.386786696527926,0.910060679509848,FALSE,"not_significant"
"Gene0616",141.927838507659,-0.125264663810987,0.19828588848869,0.389769946583143,0.911306092602194,FALSE,"not_significant"
"Gene0924",108.695043503595,0.126342486242676,0.236486531610214,0.390975102471078,0.911724863908453,FALSE,"not_significant"
"Gene0809",30.5040018756472,0.126136336076923,0.226310547969967,0.392810301131918,0.911724863908453,FALSE,"not_significant"
"Gene0780",214.98276640563,-0.124432380217703,0.201452923464578,0.395899805401555,0.911724863908453,FALSE,"not_significant"
"Gene0737",79.3752834773064,-0.123215899577492,0.228252537793768,0.394662490427741,0.911724863908453,FALSE,"not_significant"
"Gene0488",67.9842233090175,0.122680105852538,0.234729134224925,0.396402114742805,0.911724863908453,FALSE,"not_significant"
"Gene0661",13.380651445557,-0.118320591010412,0.257745944838615,0.392020390867955,0.911724863908453,FALSE,"not_significant"
"Gene0671",29.5427176951909,0.117622323011581,0.246265195393627,0.396234544113168,0.911724863908453,FALSE,"not_significant"
"Gene0132",19.0620638146114,-0.123222624012337,0.236871437854607,0.401085242115574,0.918677347075787,FALSE,"not_significant"
"Gene0740",445.478766941294,0.120936510762429,0.243167378694433,0.401282723899636,0.918677347075787,FALSE,"not_significant"
"Gene0714",92.8776516816062,-0.124233193066177,0.221795322337168,0.402556952643322,0.919466111233824,FALSE,"not_significant"
"Gene0875",44.0536304994253,0.123478382442504,0.225536655958461,0.406707080741791,0.922553446911998,FALSE,"not_significant"
"Gene0654",193.373437946772,0.122222404459847,0.225030246116042,0.405745890797474,0.922553446911998,FALSE,"not_significant"
"Gene0873",150.65500998774,0.121030267006341,0.225402798958089,0.406085653205315,0.922553446911998,FALSE,"not_significant"
"Gene0215",176.381342960428,0.120898137004202,0.235530807196445,0.408149591028029,0.923706969168698,FALSE,"not_significant"
"Gene0825",79.4231736023248,-0.12037674760076,0.210411821616853,0.41296462755692,0.92419011819076,FALSE,"not_significant"
"Gene0141",176.164937973636,0.120035438276759,0.200358283793462,0.413299432937412,0.92419011819076,FALSE,"not_significant"
"Gene0900",57.8135606798159,-0.119898900752661,0.221039843547694,0.409897679813815,0.92419011819076,FALSE,"not_significant"
"Gene0781",143.941368125099,-0.118681897146535,0.233405193506768,0.411062115118451,0.92419011819076,FALSE,"not_significant"
"Gene0641",195.944263601585,0.118562415340062,0.202963041439031,0.420505202194787,0.92419011819076,FALSE,"not_significant"
"Gene0608",37.1953899387481,0.118462848671182,0.207567692632487,0.422597063871592,0.92419011819076,FALSE,"not_significant"
"Gene0679",31.5003926415371,-0.117871702434009,0.233248631929411,0.417759190602272,0.92419011819076,FALSE,"not_significant"
"Gene0586",31.2979620323556,-0.117527036341356,0.243081199775118,0.414226260691049,0.92419011819076,FALSE,"not_significant"
"Gene0316",330.94431545699,-0.117285789090638,0.216971248486076,0.425426723321818,0.92419011819076,FALSE,"not_significant"
"Gene0292",234.08142613862,0.117037682572278,0.21889979591075,0.427501775441873,0.92419011819076,FALSE,"not_significant"
"Gene0629",106.809338549856,-0.116759398400817,0.210440716225866,0.419874843293741,0.92419011819076,FALSE,"not_significant"
"Gene0844",46.0979432247474,0.116001385663541,0.223441338431558,0.432302197650431,0.92419011819076,FALSE,"not_significant"
"Gene0611",273.687769262938,-0.115922338593408,0.205797484968335,0.432466096964111,0.92419011819076,FALSE,"not_significant"
"Gene0877",67.8813273224653,-0.115863567096412,0.220153792490077,0.431542929403576,0.92419011819076,FALSE,"not_significant"
"Gene0607",221.287313064873,0.115761933100399,0.204042314071572,0.429726706804495,0.92419011819076,FALSE,"not_significant"
"Gene0495",18.0564234074755,0.115449978952285,0.24049860871407,0.423257571548361,0.92419011819076,FALSE,"not_significant"
"Gene0613",48.6357644520168,0.11544418923477,0.214617122067309,0.436073217121486,0.92419011819076,FALSE,"not_significant"
"Gene0922",212.10164243422,-0.115332770962095,0.192879375039345,0.422910518980006,0.92419011819076,FALSE,"not_significant"
"Gene0425",117.285513140043,0.114929586327754,0.218969090050976,0.437588509489769,0.92419011819076,FALSE,"not_significant"
"Gene0920",139.887244807912,-0.114428100399241,0.234438197637827,0.4226009398825,0.92419011819076,FALSE,"not_significant"
"Gene0745",137.012311013178,0.11393301412783,0.208754306910824,0.434218493589122,0.92419011819076,FALSE,"not_significant"
"Gene0443",162.287855538599,-0.113302521443867,0.216043955590542,0.433551022545422,0.92419011819076,FALSE,"not_significant"
"Gene0925",61.0463051375845,-0.113223775002629,0.223511513537789,0.431915345481187,0.92419011819076,FALSE,"not_significant"
"Gene0173",29.4036076915285,-0.112359241275061,0.23215549443579,0.438969093726084,0.92419011819076,FALSE,"not_significant"
"Gene0957",75.333070153652,-0.11225321737158,0.202143197310887,0.44065803301586,0.92419011819076,FALSE,"not_significant"
"Gene0628",50.7490945701295,0.112053787572218,0.230008135092506,0.438643749824047,0.92419011819076,FALSE,"not_significant"
"Gene0108",89.7853671882061,0.111992519074088,0.225214444326855,0.442003969569494,0.92419011819076,FALSE,"not_significant"
"Gene0796",68.9116319738196,-0.11134686028771,0.195138980711757,0.440642748599755,0.92419011819076,FALSE,"not_significant"
"Gene0637",121.930421479999,-0.110302415482133,0.189398561889227,0.441173051451011,0.92419011819076,FALSE,"not_significant"
"Gene0864",728.295529368484,0.109273777113165,0.184462431247192,0.438927940005057,0.92419011819076,FALSE,"not_significant"
"Gene0200",106.628638939174,0.108365422467748,0.243216743486463,0.431890590972288,0.92419011819076,FALSE,"not_significant"
"Gene0553",29.9210891500136,-0.108012131339203,0.242249122909551,0.44082773398514,0.92419011819076,FALSE,"not_significant"
"Gene0587",53.0766184434573,-0.107797165411185,0.238596407725413,0.437706011642314,0.92419011819076,FALSE,"not_significant"
"Gene0856",260.927145857203,0.105927311759303,0.248159334060394,0.436776091339662,0.92419011819076,FALSE,"not_significant"
"Gene0605",138.371150989812,-0.102262311046028,0.249023480864365,0.434554584454521,0.92419011819076,FALSE,"not_significant"
"Gene0514",138.075723187859,0.101365272145268,0.249592760284661,0.435174600859457,0.92419011819076,FALSE,"not_significant"
"Gene0996",364.485929861998,0.112166548591701,0.218632351421573,0.446274252481796,0.927345676162575,FALSE,"not_significant"
"Gene0456",198.959901930586,-0.111345199737795,0.207248462643737,0.446326129275415,0.927345676162575,FALSE,"not_significant"
"Gene0638",286.510031221211,-0.108319772570692,0.181859510159757,0.445796934988765,0.927345676162575,FALSE,"not_significant"
"Gene0631",40.1622975646664,-0.110026936615041,0.223733245886958,0.452424952338211,0.934130016414385,FALSE,"not_significant"
"Gene0357",228.946349610661,0.109938753488251,0.218033180777584,0.452235263668218,0.934130016414385,FALSE,"not_significant"
"Gene0303",37.0803696038774,0.107202128278166,0.233115625776663,0.45087052199078,0.934130016414385,FALSE,"not_significant"
"Gene0118",32.1267291751796,-0.10829983065596,0.232626967929226,0.455206577252496,0.937915218547331,FALSE,"not_significant"
"Gene0949",83.3107327677297,0.108481346407609,0.213237921215883,0.461896786402567,0.939425497249092,FALSE,"not_significant"
"Gene0804",42.5920342965924,0.106531819334639,0.222223081717177,0.467406907662043,0.939425497249092,FALSE,"not_significant"
"Gene0716",71.7740597555437,-0.106101088898476,0.205964884365497,0.466979255948199,0.939425497249092,FALSE,"not_significant"
"Gene0375",148.424587572558,-0.105445549818459,0.209651149158626,0.469491205438503,0.939425497249092,FALSE,"not_significant"
"Gene0526",90.0035957250487,0.105110695451046,0.21114199289332,0.472890137355114,0.939425497249092,FALSE,"not_significant"
"Gene0710",172.202223683759,0.10502797896119,0.205264897988796,0.472601266391794,0.939425497249092,FALSE,"not_significant"
"Gene0935",15.0681991081715,0.104246148943992,0.231863023523905,0.472511786824353,0.939425497249092,FALSE,"not_significant"
"Gene0840",23.6175852840283,0.103967604514131,0.234018676492986,0.464432432314207,0.939425497249092,FALSE,"not_significant"
"Gene0838",170.840702874117,0.103948620043134,0.196974871783667,0.474959902010252,0.939425497249092,FALSE,"not_significant"
"Gene0543",164.687686049862,-0.103458357966626,0.201402103301551,0.471140664523798,0.939425497249092,FALSE,"not_significant"
"Gene0706",158.950978747803,0.103361922264999,0.208486579019161,0.478494485455079,0.939425497249092,FALSE,"not_significant"
"Gene0525",25.3655789331553,0.10331177653057,0.227582822681661,0.478914079070607,0.939425497249092,FALSE,"not_significant"
"Gene0609",495.179736631154,0.102803197023873,0.2063448356411,0.48255328494396,0.939425497249092,FALSE,"not_significant"
"Gene0972",69.9641149593322,0.102493087038566,0.229411148355883,0.477725401975892,0.939425497249092,FALSE,"not_significant"
"Gene0384",35.182175292136,0.102228208032892,0.215014289730861,0.485227458922668,0.939425497249092,FALSE,"not_significant"
"Gene0322",211.09820180968,0.10190281779069,0.21482451496657,0.47982445259042,0.939425497249092,FALSE,"not_significant"
"Gene0462",69.2797724201968,-0.101738027945182,0.227165748475879,0.480005977698601,0.939425497249092,FALSE,"not_significant"
"Gene0326",87.7800834582883,-0.101140338983902,0.184572403032128,0.475423266036013,0.939425497249092,FALSE,"not_significant"
"Gene0312",226.097728382993,-0.100748851901258,0.204970842833036,0.489726944337947,0.939425497249092,FALSE,"not_significant"
"Gene0137",32.1480846858237,0.100467074775744,0.230039293675813,0.478280383205383,0.939425497249092,FALSE,"not_significant"
"Gene0201",110.802022055454,-0.100449700906996,0.234824086558126,0.460938049708996,0.939425497249092,FALSE,"not_significant"
"Gene0256",378.641214114869,-0.100411932293255,0.191137831377273,0.48327566874677,0.939425497249092,FALSE,"not_significant"
"Gene0549",211.547522805518,-0.100083012651897,0.211273461688872,0.486710405270537,0.939425497249092,FALSE,"not_significant"
"Gene0311",254.507400756893,-0.0999578870604048,0.23986766053748,0.466656391055198,0.939425497249092,FALSE,"not_significant"
"Gene0601",157.282340758318,0.0995356619207433,0.189768389248998,0.487923730122948,0.939425497249092,FALSE,"not_significant"
"Gene0507",111.934982087701,-0.09940296614458,0.21159839074569,0.495001611601762,0.939425497249092,FALSE,"not_significant"
"Gene0512",164.289609094199,-0.099224889623062,0.190765418384626,0.486700174102076,0.939425497249092,FALSE,"not_significant"
"Gene0018",264.400155954682,0.0991322010238267,0.238548143208857,0.471807054343287,0.939425497249092,FALSE,"not_significant"
"Gene0274",109.539318227798,0.0990141936551503,0.213905910643615,0.50005684740365,0.939425497249092,FALSE,"not_significant"
"Gene0224",110.941690225257,-0.0987421723208388,0.215150567849455,0.493930803908429,0.939425497249092,FALSE,"not_significant"
"Gene0936",305.444233133571,-0.0986918392058508,0.210033591484323,0.493564747283553,0.939425497249092,FALSE,"not_significant"
"Gene0593",70.9342997067545,0.098610691600451,0.240093107086523,0.486830842882714,0.939425497249092,FALSE,"not_significant"
"Gene0267",173.634333807402,0.098424663447157,0.196107694240701,0.492560869683265,0.939425497249092,FALSE,"not_significant"
"Gene0677",67.072429365429,-0.098230950618888,0.228049413184023,0.494950091055222,0.939425497249092,FALSE,"not_significant"
"Gene0878",101.59709804634,-0.0978230961173841,0.206126041359028,0.501281876844895,0.939425497249092,FALSE,"not_significant"
"Gene0770",17.1379115547903,-0.0976598543468039,0.23732868241845,0.489996879558877,0.939425497249092,FALSE,"not_significant"
"Gene0711",9.47406134167858,0.09740702447972,0.247738284748225,0.481789061117323,0.939425497249092,FALSE,"not_significant"
"Gene0994",132.95424955576,-0.0974037414480406,0.229127831517677,0.497535354021691,0.939425497249092,FALSE,"not_significant"
"Gene0374",101.019583895676,-0.0970417008265487,0.216029753262693,0.503702411220331,0.939425497249092,FALSE,"not_significant"
"Gene0329",36.2646444006383,-0.096928247863891,0.224510697172408,0.501805601403462,0.939425497249092,FALSE,"not_significant"
"Gene0505",34.6712181869607,0.0964354438025534,0.230121654013792,0.504556129507579,0.939425497249092,FALSE,"not_significant"
"Gene0415",36.8351341703195,0.0958416892793497,0.213982312867074,0.506570381861555,0.939425497249092,FALSE,"not_significant"
"Gene0259",21.7557334012549,0.0952053440068028,0.219898481968356,0.512975484004867,0.939425497249092,FALSE,"not_significant"
"Gene0254",42.4189634156886,-0.0951565093293728,0.208079010818669,0.512102278249086,0.939425497249092,FALSE,"not_significant"
"Gene0887",148.89653339816,-0.0948982493103005,0.208099908530837,0.51398650502679,0.939425497249092,FALSE,"not_significant"
"Gene0186",128.551465957866,0.0945814766811111,0.200254201263372,0.513344054413851,0.939425497249092,FALSE,"not_significant"
"Gene0457",82.6852943715443,-0.0943013223860385,0.207293557534001,0.513349450017259,0.939425497249092,FALSE,"not_significant"
"Gene0310",48.1304359292779,0.0941708361301855,0.219191052989239,0.508970990521234,0.939425497249092,FALSE,"not_significant"
"Gene0672",25.9829774075337,0.0940258359616999,0.226050534637725,0.510754517021422,0.939425497249092,FALSE,"not_significant"
"Gene0383",88.4305354008786,0.0939466467761971,0.198665814025406,0.516764709301047,0.939425497249092,FALSE,"not_significant"
"Gene0558",33.5584260980115,0.0936085617170359,0.21496810184852,0.517683585974972,0.939425497249092,FALSE,"not_significant"
"Gene0346",83.3028136492431,-0.0935325434607763,0.241869425877527,0.495214852496786,0.939425497249092,FALSE,"not_significant"
"Gene0278",197.394439225616,-0.0933747986799001,0.182235187309459,0.50722536612702,0.939425497249092,FALSE,"not_significant"
"Gene0284",123.642961425705,0.0933619560081079,0.231057978508425,0.516367978168486,0.939425497249092,FALSE,"not_significant"
"Gene0223",496.186653093716,-0.0932230733265503,0.212077870010536,0.5180775975515,0.939425497249092,FALSE,"not_significant"
"Gene0772",248.999332105658,0.0930435655204302,0.226573535803949,0.519594765916631,0.939425497249092,FALSE,"not_significant"
"Gene0429",49.962381094546,-0.0929201090210722,0.214915439433209,0.521397316540839,0.939425497249092,FALSE,"not_significant"
"Gene0889",81.6294629054982,0.0928455108182236,0.240695024528293,0.50500060177793,0.939425497249092,FALSE,"not_significant"
"Gene0615",93.2652439765645,0.0928287258577506,0.226487160674031,0.521480887755057,0.939425497249092,FALSE,"not_significant"
"Gene0183",36.0510939680937,0.0927456438341904,0.229396760832211,0.520217529535879,0.939425497249092,FALSE,"not_significant"
"Gene0539",100.20201095666,-0.0925620800582364,0.232943321820475,0.495640994734463,0.939425497249092,FALSE,"not_significant"
"Gene0951",455.283409531218,-0.0918864552269558,0.229878249732391,0.508029376778308,0.939425497249092,FALSE,"not_significant"
"Gene0669",91.7274161528829,-0.0915558109660961,0.237071894270529,0.498904256577989,0.939425497249092,FALSE,"not_significant"
"Gene0777",81.793640361451,0.0912969727235518,0.225838046287655,0.514940064779637,0.939425497249092,FALSE,"not_significant"
"Gene0768",97.9216126731781,-0.0912872045669446,0.186402528340133,0.519895146477657,0.939425497249092,FALSE,"not_significant"
"Gene0402",56.4924376717011,0.0911763536702259,0.235122065586312,0.517116234266541,0.939425497249092,FALSE,"not_significant"
"Gene0739",7.82911668724589,-0.0911079431381074,0.250098726693335,0.499684616129934,0.939425497249092,FALSE,"not_significant"
"Gene0627",273.393169188084,0.0899327804800393,0.238211207632947,0.512467218496185,0.939425497249092,FALSE,"not_significant"
"Gene0730",58.0738982620711,0.084547245975722,0.243286159077006,0.520754925746786,0.939425497249092,FALSE,"not_significant"
"Gene0829",44.817594953271,0.0932335991224663,0.215192817032315,0.522962495532336,0.940381651057236,FALSE,"not_significant"
"Gene0202",37.3217315504332,-0.0908716174735044,0.221713046209704,0.52538677455678,0.940477315515962,FALSE,"not_significant"
"Gene0364",25.2382924681484,-0.0877521842166505,0.233582597594094,0.525868509080209,0.940477315515962,FALSE,"not_significant"
"Gene0269",11.382923888377,-0.0840220547023098,0.24698271539075,0.525049818177205,0.940477315515962,FALSE,"not_significant"
"Gene0150",84.7874855514352,0.0909320037246288,0.222049969053248,0.530628482484555,0.941002415838093,FALSE,"not_significant"
"Gene0821",513.116144243979,-0.0900007521360568,0.225458833842063,0.53462143139622,0.941002415838093,FALSE,"not_significant"
"Gene0872",293.144585203629,-0.0899037699567802,0.21461896594211,0.534530765982415,0.941002415838093,FALSE,"not_significant"
"Gene0144",32.0318131510196,-0.0892065960313908,0.216437419690553,0.538363293174837,0.941002415838093,FALSE,"not_significant"
"Gene0410",94.0986249400714,-0.0891692735710589,0.201044678239097,0.537574382635306,0.941002415838093,FALSE,"not_significant"
"Gene0602",39.1594280905262,0.088589797976591,0.213089713225042,0.540805171982807,0.941002415838093,FALSE,"not_significant"
"Gene0895",22.9851772747437,0.0885455194664355,0.231843950232607,0.535678645866882,0.941002415838093,FALSE,"not_significant"
"Gene0445",461.61805412707,0.0885230408430754,0.203529052481662,0.539402430266673,0.941002415838093,FALSE,"not_significant"
"Gene0116",25.7883767079637,0.0883474853558206,0.221767025558338,0.539041620842835,0.941002415838093,FALSE,"not_significant"
"Gene0882",35.4457123977643,-0.0879699065829989,0.234878921635835,0.52966366503898,0.941002415838093,FALSE,"not_significant"
"Gene0431",58.144047070677,-0.0875217168165197,0.233219198230459,0.528370777564436,0.941002415838093,FALSE,"not_significant"
"Gene0663",33.399743743939,-0.0872050946882258,0.221090616276422,0.540075861435462,0.941002415838093,FALSE,"not_significant"
"Gene0967",74.1876527676183,-0.0870042717582895,0.202232063406444,0.54649207238911,0.941002415838093,FALSE,"not_significant"
"Gene0805",61.0819691307886,-0.0857348727120576,0.213303549004127,0.549814330399361,0.941002415838093,FALSE,"not_significant"
"Gene0236",110.857146071241,-0.085320853083332,0.213383212407396,0.55212153725226,0.941002415838093,FALSE,"not_significant"
"Gene0518",32.0428702327663,0.0852846539570768,0.240006226140445,0.538837976629018,0.941002415838093,FALSE,"not_significant"
"Gene0986",141.209233220113,-0.0850649595134207,0.187265013748291,0.548385291442512,0.941002415838093,FALSE,"not_significant"
"Gene0980",52.1666851584388,-0.0850025184861058,0.21782979848383,0.551764747703992,0.941002415838093,FALSE,"not_significant"
"Gene0472",34.4808886213328,0.0846786076122279,0.222523982705985,0.555656013976338,0.941002415838093,FALSE,"not_significant"
"Gene0766",547.837611392791,0.0845348922963631,0.192021887469355,0.555468694658892,0.941002415838093,FALSE,"not_significant"
"Gene0556",97.3721740279825,0.084295252467019,0.241084023490874,0.535552673682966,0.941002415838093,FALSE,"not_significant"
"Gene0277",59.930049205289,-0.084241905802062,0.23227248600576,0.542514159254516,0.941002415838093,FALSE,"not_significant"
"Gene0414",710.098937606379,-0.0840539065864647,0.212150782828909,0.556311167366222,0.941002415838093,FALSE,"not_significant"
"Gene0591",43.5683253807229,0.0840155049658686,0.209980502238703,0.560937644404512,0.941002415838093,FALSE,"not_significant"
"Gene0836",16.0750405397585,0.0839699610475337,0.241509453223669,0.539932489452598,0.941002415838093,FALSE,"not_significant"
"Gene0899",71.1541162188803,-0.0838879610036982,0.218554373024995,0.557700866577736,0.941002415838093,FALSE,"not_significant"
"Gene0998",34.7035431168602,-0.0837012434073776,0.228412880367322,0.544093583116951,0.941002415838093,FALSE,"not_significant"
"Gene0987",396.1016130072,0.0833063430033243,0.21482684178691,0.561544658811128,0.941002415838093,FALSE,"not_significant"
"Gene0968",176.500395264827,0.0831931867033036,0.222996230211494,0.563466311372476,0.941002415838093,FALSE,"not_significant"
"Gene0521",54.2466685053145,0.0829283706223563,0.233607694470511,0.554570478626236,0.941002415838093,FALSE,"not_significant"
"Gene0948",78.6806645440443,0.082694092454277,0.223379335044326,0.562490964893464,0.941002415838093,FALSE,"not_significant"
"Gene0779",267.876060815267,-0.0826167121359424,0.208218701041074,0.567187894821514,0.941002415838093,FALSE,"not_significant"
"Gene0704",63.2997151500069,0.0825158185107881,0.205551635956499,0.570014076752308,0.941002415838093,FALSE,"not_significant"
"Gene0937",69.2926684861774,0.0825022369118205,0.217234790690628,0.565985542570675,0.941002415838093,FALSE,"not_significant"
"Gene0724",330.855006466503,-0.0817928174100585,0.232585650392975,0.548340403362586,0.941002415838093,FALSE,"not_significant"
"Gene0180",87.16828847511,-0.0817445003091935,0.217703588304371,0.559956598316194,0.941002415838093,FALSE,"not_significant"
"Gene0216",31.1557217829157,-0.0814486421916253,0.225315502741984,0.568609977985117,0.941002415838093,FALSE,"not_significant"
"Gene0896",87.2219563698965,0.0813053001787617,0.195429572574929,0.572811710176658,0.941002415838093,FALSE,"not_significant"
"Gene0988",68.4474445777171,-0.0811491243278131,0.206029987926579,0.572576788058609,0.941002415838093,FALSE,"not_significant"
"Gene0860",37.5758189135253,0.0809338397629919,0.223881830593323,0.56984285163651,0.941002415838093,FALSE,"not_significant"
"Gene0354",96.3337665260417,0.080797857390178,0.208443873860515,0.57202077600125,0.941002415838093,FALSE,"not_significant"
"Gene0510",31.1364641317341,0.0803205928215462,0.226252674157011,0.573735547775905,0.941002415838093,FALSE,"not_significant"
"Gene0891",35.3185915598238,-0.0789635848873449,0.236442673930762,0.564530834491235,0.941002415838093,FALSE,"not_significant"
"Gene0389",14.7822631109344,0.0789205179882059,0.242261284154871,0.556366029057325,0.941002415838093,FALSE,"not_significant"
"Gene0377",37.9525254659599,-0.0786800064759436,0.233787073598295,0.57052824317609,0.941002415838093,FALSE,"not_significant"
"Gene0397",195.272508330539,0.0773686465591615,0.238645591545851,0.558027609224042,0.941002415838093,FALSE,"not_significant"
"Gene0999",13.7242998685494,-0.0761007568553277,0.242586774222694,0.573415399665939,0.941002415838093,FALSE,"not_significant"
"Gene0196",62.0898813281559,-0.074198788263516,0.23833299119507,0.569920258161051,0.941002415838093,FALSE,"not_significant"
"Gene0604",8.22873837587743,0.0714105692714287,0.256962557919376,0.561476832809053,0.941002415838093,FALSE,"not_significant"
"Gene0148",99.9627162385882,-0.0557309069157701,0.268201037371376,0.565534106107396,0.941002415838093,FALSE,"not_significant"
"Gene0461",39.8629054208347,0.0811270143816362,0.204801122096846,0.575665230946641,0.941046137861533,FALSE,"not_significant"
"Gene0555",8.57249972557212,0.0747181746293123,0.246893271897906,0.575004010076468,0.941046137861533,FALSE,"not_significant"
"Gene0174",402.37015947026,0.0783719244986823,0.184772720879336,0.577390426197579,0.942308797870306,FALSE,"not_significant"
"Gene0481",92.4413386174487,0.0792345204299633,0.222014770659301,0.580507914965735,0.944417956274156,FALSE,"not_significant"
"Gene0769",82.481937254907,0.0780814231454548,0.214868995103115,0.581494333416449,0.944417956274156,FALSE,"not_significant"
"Gene0910",11.6681134092158,0.0753178321222124,0.241229996367515,0.581547558514622,0.944417956274156,FALSE,"not_significant"
"Gene0155",24.0794076392436,0.0793572975082663,0.215682204112199,0.583365743047637,0.945817573564119,FALSE,"not_significant"
"Gene0794",69.3782994734262,0.0780311740706019,0.210827754511426,0.585711751070515,0.948066975137052,FALSE,"not_significant"
"Gene0175",199.418217629708,0.0778979807664492,0.208013514588618,0.588894055070413,0.951660490955292,FALSE,"not_significant"
"Gene0897",16.7703597061484,-0.0752610573884661,0.230088735556873,0.592109921020872,0.955296430488814,FALSE,"not_significant"
"Gene0345",135.304391914114,0.0754089682876107,0.221901308010455,0.593180305759442,0.95546469445617,FALSE,"not_significant"
"Gene0944",119.230122653607,-0.0749540240522632,0.217545627840796,0.598972697443067,0.958584742401714,FALSE,"not_significant"
"Gene0428",321.154498557701,-0.074641054407962,0.223436750390261,0.598994308194397,0.958584742401714,FALSE,"not_significant"
"Gene0721",276.509084772556,-0.0722333900229593,0.172140700914727,0.597651867687587,0.958584742401714,FALSE,"not_significant"
"Gene0367",6.58609062348366,0.0660084339716519,0.252367736364943,0.59894427969811,0.958584742401714,FALSE,"not_significant"
"Gene0120",113.828694703573,0.0754186055217538,0.203759290899662,0.600172001932803,0.958917786609922,FALSE,"not_significant"
"Gene0547",321.398059632617,0.0731127703038655,0.210082375038496,0.603486894765212,0.959845027072218,FALSE,"not_significant"
"Gene0536",73.685296145467,0.0722657417661414,0.22146931842196,0.605093361468803,0.959845027072218,FALSE,"not_significant"
"Gene0111",94.725648493679,0.07175739324757,0.235162080263784,0.601960966007007,0.959845027072218,FALSE,"not_significant"
"Gene0817",12.2858771763762,0.071211489705581,0.235471931914247,0.606575472113383,0.959845027072218,FALSE,"not_significant"
"Gene0584",17.3393914396589,0.0692139810155762,0.237561525804994,0.60650094530452,0.959845027072218,FALSE,"not_significant"
"Gene0791",30.0024741470777,-0.0669466912870633,0.245346764970816,0.605365562497053,0.959845027072218,FALSE,"not_significant"
"Gene0508",191.263155127603,-0.0606759662081728,0.242417695838563,0.60829540444092,0.961029001584775,FALSE,"not_significant"
"Gene0943",33.7513005761424,-0.0727098607770854,0.2044944524364,0.613053670003476,0.96275097392627,FALSE,"not_significant"
"Gene0524",468.169609393446,0.0724656303667099,0.186641213783717,0.610731396002285,0.96275097392627,FALSE,"not_significant"
"Gene0418",100.92618453496,-0.0720416342328709,0.2047943376724,0.616265616695944,0.96275097392627,FALSE,"not_significant"
"Gene0620",74.8501928341048,-0.0718450971165733,0.202217545314584,0.613448871424429,0.96275097392627,FALSE,"not_significant"
"Gene0867",46.4173958853165,-0.0713639474366828,0.201015946343019,0.61870625477518,0.96275097392627,FALSE,"not_significant"
"Gene0321",393.73229009309,0.0711842481533727,0.209922418325654,0.621447695777794,0.96275097392627,FALSE,"not_significant"
"Gene0482",256.857910522861,-0.0711372483965663,0.201241372556457,0.615218437474469,0.96275097392627,FALSE,"not_significant"
"Gene0914",50.6742751802352,0.0707279871690736,0.193119555512506,0.621021852231526,0.96275097392627,FALSE,"not_significant"
"Gene0379",126.065613123428,-0.0701867617912234,0.219319480442644,0.621042470604512,0.96275097392627,FALSE,"not_significant"
"Gene0929",428.122692782392,0.0699460447582003,0.208456747336724,0.623013774836009,0.96275097392627,FALSE,"not_significant"
"Gene0758",98.0690738495894,0.0692897631103463,0.215129530148273,0.622872931001759,0.96275097392627,FALSE,"not_significant"
"Gene0447",13.7585625108931,0.0675365548067494,0.241370757253978,0.611640973598749,0.96275097392627,FALSE,"not_significant"
"Gene0520",29.3462366506741,0.0648164261299645,0.239636566098436,0.619366497814289,0.96275097392627,FALSE,"not_significant"
"Gene0209",49.157398867114,0.0625741799250236,0.242124069331429,0.615816630559522,0.96275097392627,FALSE,"not_significant"
"Gene0264",54.2036866082491,0.0704442486216181,0.217724779839888,0.625872561913066,0.965659849815947,FALSE,"not_significant"
"Gene0327",55.5256065203128,-0.0659843775041778,0.231722034358055,0.627946930879308,0.96735126890909,FALSE,"not_significant"
"Gene0698",43.8002518523669,0.0695706172158033,0.202138652419434,0.629114606957504,0.967642840250344,FALSE,"not_significant"
"Gene0502",640.646117765877,0.0668883069370477,0.221930698475004,0.632019448705279,0.969096488014761,FALSE,"not_significant"
"Gene0123",30.7341008696449,-0.0661112317226895,0.224677283935027,0.631736915423427,0.969096488014761,FALSE,"not_significant"
"Gene0813",29.3986261526155,0.0674062114371339,0.21882978915084,0.634507632097058,0.971405647281719,FALSE,"not_significant"
"Gene0184",183.739353823669,-0.0677248391326083,0.217227391482118,0.637730277257371,0.972480061705348,FALSE,"not_significant"
"Gene0689",48.416012387851,0.067289018680285,0.205216513387775,0.640719884654045,0.972480061705348,FALSE,"not_significant"
"Gene0417",48.1775584424425,0.0672783223961255,0.201314768406472,0.639853326965191,0.972480061705348,FALSE,"not_significant"
"Gene0235",69.2750447772631,-0.0672297554106854,0.206775325696088,0.63927175158982,0.972480061705348,FALSE,"not_significant"
"Gene0117",116.638181980077,0.0670893080765333,0.190010285942378,0.638801191121127,0.972480061705348,FALSE,"not_significant"
"Gene0901",46.4462419717564,-0.0668297157860749,0.211779156047063,0.641237073554276,0.972480061705348,FALSE,"not_significant"
"Gene0974",33.6752774142446,-0.0635957225058918,0.233720773035039,0.642092497769052,0.972480061705348,FALSE,"not_significant"
"Gene0474",20.317874140791,0.0656557799073406,0.220985397258496,0.64372450046935,0.973007558905111,FALSE,"not_significant"
"Gene0210",22.1686887693414,0.0647827367701419,0.22964950424914,0.644408443966479,0.973007558905111,FALSE,"not_significant"
"Gene0756",194.801360833884,-0.0655447546031618,0.200929545198873,0.645624627545499,0.973357860735516,FALSE,"not_significant"
"Gene0835",58.0585813773428,-0.0645226097687102,0.18778472821711,0.647210976378841,0.974264316040599,FALSE,"not_significant"
"Gene0298",54.9042068906928,-0.0636556584708066,0.217695578999845,0.653312177048501,0.981045990052836,FALSE,"not_significant"
"Gene0401",28.4284971378323,0.0632976552897755,0.221930108662258,0.656162152222199,0.981045990052836,FALSE,"not_significant"
"Gene0350",64.9311653664569,0.063248392853183,0.193078403423316,0.657424055374483,0.981045990052836,FALSE,"not_significant"
"Gene0843",107.565390176508,-0.0626051692948921,0.191059046942517,0.657667837618837,0.981045990052836,FALSE,"not_significant"
"Gene0918",318.250439509521,-0.0621454543113229,0.186650132611086,0.655070964449934,0.981045990052836,FALSE,"not_significant"
"Gene0427",67.2896856016792,-0.0610784590572838,0.232829868491041,0.654324263996071,0.981045990052836,FALSE,"not_significant"
"Gene0632",207.04803810093,0.0628613273733088,0.210791686460605,0.662027724465926,0.985517365059032,FALSE,"not_significant"
"Gene0636",78.7806820550978,0.0619711012763781,0.206752151285191,0.664756801477343,0.985517365059032,FALSE,"not_significant"
"Gene0668",45.8173330760864,0.0617978947630934,0.216830634000447,0.664850293172522,0.985517365059032,FALSE,"not_significant"
"Gene0762",95.1793989301726,-0.0614356078443924,0.18757364183093,0.663162648304568,0.985517365059032,FALSE,"not_significant"
"Gene0643",23.6963017942028,-0.060886030559526,0.218559441741193,0.66695356673,0.985517365059032,FALSE,"not_significant"
"Gene0719",47.8088700823073,0.060626040156289,0.219560724001529,0.670715772818783,0.985517365059032,FALSE,"not_significant"
"Gene0400",27.3471927401064,0.06007857952913,0.218672583452964,0.675311666142459,0.985517365059032,FALSE,"not_significant"
"Gene0190",97.1260428104768,-0.0597732480893285,0.206401521218207,0.673588991010404,0.985517365059032,FALSE,"not_significant"
"Gene0528",21.6419901433456,-0.0594685415330817,0.212433402600567,0.67708380672717,0.985517365059032,FALSE,"not_significant"
"Gene0102",108.889249907963,0.0594290908998714,0.21771590009195,0.67808735683856,0.985517365059032,FALSE,"not_significant"
"Gene0956",40.1850234315556,-0.0591672647640037,0.205022976635782,0.674232590525476,0.985517365059032,FALSE,"not_significant"
"Gene0622",24.788033015767,0.059084353919279,0.228767285502189,0.67188278756485,0.985517365059032,FALSE,"not_significant"
"Gene0785",43.0715056171282,0.0585158857091913,0.196731714153167,0.683146723710086,0.985517365059032,FALSE,"not_significant"
"Gene0842",42.6201251982675,0.0583521110878964,0.220077690305414,0.681850151838342,0.985517365059032,FALSE,"not_significant"
"Gene0678",154.96889477172,0.0578750561826696,0.208843269627401,0.682720510811166,0.985517365059032,FALSE,"not_significant"
"Gene0468",103.127814599109,0.0577710285113416,0.211834388617994,0.688623894264659,0.985517365059032,FALSE,"not_significant"
"Gene0787",67.6738327536615,0.0577220813191539,0.200235968244518,0.685300524707792,0.985517365059032,FALSE,"not_significant"
"Gene0217",42.2147738222841,0.0577107777316187,0.210292599840625,0.687450053166409,0.985517365059032,FALSE,"not_significant"
"Gene0466",659.475166989319,0.057243282401704,0.187076166094281,0.686328703422063,0.985517365059032,FALSE,"not_significant"
"Gene0149",36.0992933503067,-0.0563903381293532,0.234636609652157,0.671518333758894,0.985517365059032,FALSE,"not_significant"
"Gene0233",132.846111000447,0.0563162638792928,0.197708832532558,0.694290892749234,0.985517365059032,FALSE,"not_significant"
"Gene0861",50.5973293410501,-0.0558575912954328,0.21298197143253,0.693408741705984,0.985517365059032,FALSE,"not_significant"
"Gene0655",15.5179476990473,-0.0557553799305566,0.237047952378133,0.672732745862655,0.985517365059032,FALSE,"not_significant"
"Gene0597",38.2352540224601,-0.0556797140562789,0.213936504955572,0.694221515847284,0.985517365059032,FALSE,"not_significant"
"Gene0898",121.998636016176,-0.0553819493494023,0.215443333682903,0.696324476566606,0.985517365059032,FALSE,"not_significant"
"Gene0273",59.9522008325566,-0.0552308698974099,0.213569366336161,0.695636564333679,0.985517365059032,FALSE,"not_significant"
"Gene0623",63.6456768592813,0.0552025667544604,0.228471639765328,0.688206056227919,0.985517365059032,FALSE,"not_significant"
"Gene0562",86.6405029276865,0.0550514321716106,0.221851384124419,0.696150228057006,0.985517365059032,FALSE,"not_significant"
"Gene0732",36.220246421736,0.0549681811469473,0.221524314633407,0.692366107266907,0.985517365059032,FALSE,"not_significant"
"Gene0129",31.5834780070031,-0.0548034599199195,0.215694914446503,0.698272455958556,0.985517365059032,FALSE,"not_significant"
"Gene0819",19.2836519489796,-0.0547978547982936,0.227955873284894,0.692312191755053,0.985517365059032,FALSE,"not_significant"
"Gene0953",83.216650810457,0.054690852178377,0.19865526677905,0.701626791066013,0.985517365059032,FALSE,"not_significant"
"Gene0335",185.241650355398,-0.054675377438066,0.203641105532757,0.702481500374129,0.985517365059032,FALSE,"not_significant"
"Gene0890",31.4260325701097,-0.0541465875108431,0.213197790215593,0.703319696851967,0.985517365059032,FALSE,"not_significant"
"Gene0574",129.692009614654,0.05367984481858,0.21745161727381,0.707173191791093,0.985517365059032,FALSE,"not_significant"
"Gene0360",153.133390403913,-0.0533677872155063,0.216248513223112,0.696617156193024,0.985517365059032,FALSE,"not_significant"
"Gene0742",58.165854046142,-0.052532510563994,0.187115540529113,0.709831719793602,0.985517365059032,FALSE,"not_significant"
"Gene0294",25.9978485511883,0.0523235729915552,0.225714663259349,0.704647365436545,0.985517365059032,FALSE,"not_significant"
"Gene0884",199.818797366503,0.0521938969138715,0.210258459960073,0.716187908164071,0.985517365059032,FALSE,"not_significant"
"Gene0451",431.335239763501,-0.0520877208421563,0.214151528090639,0.71832775686992,0.985517365059032,FALSE,"not_significant"
"Gene0858",79.2325584180102,0.0519571952398813,0.205709918810793,0.718236247948596,0.985517365059032,FALSE,"not_significant"
"Gene0619",31.2836164280781,-0.051316317502495,0.217446700691525,0.71398025606973,0.985517365059032,FALSE,"not_significant"
"Gene0701",23.3704628308365,-0.0511511726357543,0.230687057248218,0.700245043484099,0.985517365059032,FALSE,"not_significant"
"Gene0365",69.6707426215726,0.0511304564474899,0.201840083880311,0.721622800704743,0.985517365059032,FALSE,"not_significant"
"Gene0423",61.8376190162626,-0.0510715188731536,0.19886755917591,0.719664097733086,0.985517365059032,FALSE,"not_significant"
"Gene0557",92.030920264131,-0.0510589434524091,0.213656796775885,0.718633140428856,0.985517365059032,FALSE,"not_significant"
"Gene0764",57.6297148140656,0.050669663423083,0.227585260859977,0.71841651905674,0.985517365059032,FALSE,"not_significant"
"Gene0660",53.248209482741,0.0506498007646959,0.219395713136581,0.71732788454901,0.985517365059032,FALSE,"not_significant"
"Gene0154",12.4214438389953,0.0505200807947384,0.244052566433938,0.696253863524199,0.985517365059032,FALSE,"not_significant"
"Gene0893",17.5830496236172,-0.0502723204578479,0.232337324196041,0.709454462388418,0.985517365059032,FALSE,"not_significant"
"Gene0285",43.7072108025556,0.050262575424986,0.228321640503239,0.718527649197269,0.985517365059032,FALSE,"not_significant"
"Gene0934",422.043721013728,0.0502532868020783,0.208982085402396,0.723571220512119,0.985517365059032,FALSE,"not_significant"
"Gene0165",106.719415062148,-0.0502020517675407,0.212883717260723,0.719589621987026,0.985517365059032,FALSE,"not_significant"
"Gene0356",32.343271196187,-0.0500015643548534,0.216654294146178,0.723018943237349,0.985517365059032,FALSE,"not_significant"
"Gene0464",38.7683283588256,-0.0498255323103276,0.211081053222632,0.722818078040828,0.985517365059032,FALSE,"not_significant"
"Gene0399",7.75769839159736,0.0496976149697102,0.245495907512095,0.70071459688613,0.985517365059032,FALSE,"not_significant"
"Gene0684",54.0343933661752,-0.0495325500424403,0.228550890079426,0.714525395684264,0.985517365059032,FALSE,"not_significant"
"Gene0403",19.4845155388064,-0.0491218828754063,0.219964126494191,0.724439964001937,0.985517365059032,FALSE,"not_significant"
"Gene0450",76.9639475678686,-0.0488212048006298,0.224498109093957,0.722023613341008,0.985517365059032,FALSE,"not_significant"
"Gene0905",120.625377085131,-0.0485992352719118,0.222379435686255,0.723530906610493,0.985517365059032,FALSE,"not_significant"
"Gene0530",235.610998319204,0.0480282861498872,0.240871234610238,0.715696310556149,0.985517365059032,FALSE,"not_significant"
"Gene0902",32.481764539621,0.0475155128717263,0.236600089000598,0.72009205788872,0.985517365059032,FALSE,"not_significant"
"Gene0249",19.2834260620011,0.0464261424520576,0.238104463874253,0.720906448253519,0.985517365059032,FALSE,"not_significant"
"Gene0272",15.681759757088,-0.0418501853029337,0.248714981404466,0.716186149147068,0.985517365059032,FALSE,"not_significant"
"Gene0646",46.2639768538596,-0.0489502985878351,0.21774958004613,0.728103938982084,0.987204697765752,FALSE,"not_significant"
"Gene0336",221.469246494902,0.0474840660540044,0.197557933130423,0.738187261554594,0.987204697765752,FALSE,"not_significant"
"Gene0475",141.458082600901,-0.0474457159528777,0.201036291348685,0.737171459514085,0.987204697765752,FALSE,"not_significant"
"Gene0130",116.432935543985,0.0472332421415961,0.198826716147888,0.742061100087642,0.987204697765752,FALSE,"not_significant"
"Gene0169",73.1323746744677,0.0471772833380926,0.224168078377844,0.736878811028596,0.987204697765752,FALSE,"not_significant"
"Gene0676",20.8062030723691,-0.0471058881754854,0.216826354010772,0.73764352400681,0.987204697765752,FALSE,"not_significant"
"Gene0105",53.9718266930463,-0.0469027447359755,0.218072369700687,0.736900294201913,0.987204697765752,FALSE,"not_significant"
"Gene0738",104.560116924485,0.0466283401398822,0.192733212292803,0.74054535211114,0.987204697765752,FALSE,"not_significant"
"Gene0309",30.8892547964231,-0.0461843074160376,0.235597991055757,0.729273156973104,0.987204697765752,FALSE,"not_significant"
"Gene0498",28.9575948389877,-0.046081218963197,0.213302530595926,0.743201777481713,0.987204697765752,FALSE,"not_significant"
"Gene0849",39.2083075311043,-0.0459324063184152,0.21490390137316,0.741088479441544,0.987204697765752,FALSE,"not_significant"
"Gene0933",89.1985641389538,0.0457293947869204,0.208912713712022,0.74792816086433,0.987204697765752,FALSE,"not_significant"
"Gene0511",395.893675886515,0.0457199790068096,0.182104906433715,0.745968856692059,0.987204697765752,FALSE,"not_significant"
"Gene0939",535.059250411837,0.0456680288529964,0.212213139680815,0.749859927397974,0.987204697765752,FALSE,"not_significant"
"Gene0548",31.1185446244207,0.0454647756066414,0.213045889561179,0.750664921377763,0.987204697765752,FALSE,"not_significant"
"Gene0352",48.3239013001808,0.0452400437896045,0.20294893092864,0.751842192455224,0.987204697765752,FALSE,"not_significant"
"Gene0876",285.918961155767,-0.0451435225421865,0.183935953889971,0.746217255356901,0.987204697765752,FALSE,"not_significant"
"Gene0325",119.234722959512,0.0450600633605411,0.199812995403115,0.753684404450378,0.987204697765752,FALSE,"not_significant"
"Gene0295",133.622907957291,0.0448214890717801,0.221754053630873,0.743578375063285,0.987204697765752,FALSE,"not_significant"
"Gene0206",28.2102089532795,0.0447043526451475,0.211741410034658,0.756893953588137,0.987204697765752,FALSE,"not_significant"
"Gene0634",26.1244084628925,-0.0446070506297851,0.211347519981715,0.750797787634375,0.987204697765752,FALSE,"not_significant"
"Gene0964",141.3635014458,-0.0443389457802613,0.187321505210252,0.751722572154983,0.987204697765752,FALSE,"not_significant"
"Gene0504",121.924980556211,0.0443168207306626,0.206104286444536,0.756487587596554,0.987204697765752,FALSE,"not_significant"
"Gene0501",274.498341895043,0.0442327109701915,0.173562270010678,0.748373600434473,0.987204697765752,FALSE,"not_significant"
"Gene0812",375.367190719887,-0.0442018367010542,0.201282688073407,0.754302131551325,0.987204697765752,FALSE,"not_significant"
"Gene0248",103.60313977091,-0.0439103632765904,0.199523791884626,0.757266834411934,0.987204697765752,FALSE,"not_significant"
"Gene0305",24.2423214478633,-0.0436299494393047,0.224381205482492,0.753338259334945,0.987204697765752,FALSE,"not_significant"
"Gene0412",96.510991981825,0.0434120393754785,0.199866880481737,0.762808497534047,0.987204697765752,FALSE,"not_significant"
"Gene0382",64.0213960103261,-0.0432049740514919,0.196441532681565,0.760695952173815,0.987204697765752,FALSE,"not_significant"
"Gene0880",105.981806389211,-0.0430647356678272,0.215869743437938,0.760422572102848,0.987204697765752,FALSE,"not_significant"
"Gene0833",102.942146188346,0.0427055842666684,0.196073578665729,0.764973047879645,0.987204697765752,FALSE,"not_significant"
"Gene0850",79.6642125990457,-0.0426763733021329,0.215872937153481,0.761070387076058,0.987204697765752,FALSE,"not_significant"
"Gene0494",84.9016054998956,-0.042676352783455,0.223057267333125,0.758310418057115,0.987204697765752,FALSE,"not_significant"
"Gene0709",103.575912584449,-0.0420437771069246,0.19089621081215,0.765220659904802,0.987204697765752,FALSE,"not_significant"
"Gene0535",427.583013953398,0.0415629137379844,0.198912927531091,0.767576924980498,0.987204697765752,FALSE,"not_significant"
"Gene0503",34.5390379545374,-0.0415588284997853,0.213966431448975,0.765949219429713,0.987204697765752,FALSE,"not_significant"
"Gene0782",116.186361385167,0.0414460852315091,0.230357467233004,0.75396937313104,0.987204697765752,FALSE,"not_significant"
"Gene0578",10.3014712922312,-0.0413679098168864,0.234681970628545,0.757288324211098,0.987204697765752,FALSE,"not_significant"
"Gene0846",25.908508306929,0.0412946228286496,0.202152742785977,0.77383008975388,0.987204697765752,FALSE,"not_significant"
"Gene0513",68.7342319378878,0.0407106603400939,0.214387802609616,0.776060828610195,0.987204697765752,FALSE,"not_significant"
"Gene0727",28.7359067813866,-0.0401939344493712,0.215062356572143,0.774737498909814,0.987204697765752,FALSE,"not_significant"
"Gene0351",19.244262429006,-0.0396912847446079,0.21642743021933,0.777312354422197,0.987204697765752,FALSE,"not_significant"
"Gene0580",25.4648129193893,0.039355467076872,0.210081345260844,0.780702907467774,0.987204697765752,FALSE,"not_significant"
"Gene0715",29.051253716356,-0.0392020891017634,0.235099205891241,0.759133199054703,0.987204697765752,FALSE,"not_significant"
"Gene0630",53.4114413432324,-0.0389543707998725,0.18779089846273,0.781556767721052,0.987204697765752,FALSE,"not_significant"
"Gene0416",56.9793632188481,-0.0388316462581048,0.203919309163137,0.782663815519718,0.987204697765752,FALSE,"not_significant"
"Gene0610",225.246310838853,0.0387414351827524,0.200956826573654,0.785601844907708,0.987204697765752,FALSE,"not_significant"
"Gene0164",26.7934873809463,0.0384504797595796,0.221327215967128,0.783595714473371,0.987204697765752,FALSE,"not_significant"
"Gene0995",95.738677079845,-0.0384416769527625,0.223236084867303,0.775813786057381,0.987204697765752,FALSE,"not_significant"
"Gene0568",642.250160513957,-0.0382617795329915,0.191526498654961,0.782363764533534,0.987204697765752,FALSE,"not_significant"
"Gene0841",170.585136811673,0.0379618981954268,0.229242632868093,0.779208527492024,0.987204697765752,FALSE,"not_significant"
"Gene0682",28.3695996257342,0.0379435503184128,0.210151844492227,0.789475940514465,0.987204697765752,FALSE,"not_significant"
"Gene0618",111.521428650662,-0.0377173962335678,0.203639745648951,0.787644016671288,0.987204697765752,FALSE,"not_significant"
"Gene0469",387.592918930152,-0.0376028389675456,0.181742639269338,0.785786992838664,0.987204697765752,FALSE,"not_significant"
"Gene0212",277.731265246705,-0.0374942476487587,0.204721754238217,0.788734267784879,0.987204697765752,FALSE,"not_significant"
"Gene0421",336.771052563379,-0.0374628703810278,0.188245890309906,0.790953302862984,0.987204697765752,FALSE,"not_significant"
"Gene0218",129.249720984813,-0.0373214189145014,0.20727313005652,0.786663673569744,0.987204697765752,FALSE,"not_significant"
"Gene0749",166.676825996223,-0.037041419765723,0.200376072820505,0.795768568140113,0.987204697765752,FALSE,"not_significant"
"Gene0673",8.76404631269867,-0.0369426274385783,0.246904271837785,0.762607524184506,0.987204697765752,FALSE,"not_significant"
"Gene0297",32.885591910301,0.0369281483665167,0.230175970041058,0.785869422764436,0.987204697765752,FALSE,"not_significant"
"Gene0621",20.6743217163351,0.0368192728971464,0.209560646355136,0.798669644563796,0.987204697765752,FALSE,"not_significant"
"Gene0818",35.1771238530276,-0.0365556665608359,0.205780907110162,0.79648558119607,0.987204697765752,FALSE,"not_significant"
"Gene0971",38.1337642692516,0.0364842386214166,0.2033209449238,0.798101016528931,0.987204697765752,FALSE,"not_significant"
"Gene0776",49.5220777053847,0.0355073029208907,0.20540219803548,0.803410803288247,0.987204697765752,FALSE,"not_significant"
"Gene0699",37.7680690814863,-0.0354687144221938,0.203192148314502,0.801244860076908,0.987204697765752,FALSE,"not_significant"
"Gene0552",40.6893815050691,-0.0354620765381382,0.219907085025328,0.798699482473443,0.987204697765752,FALSE,"not_significant"
"Gene0970",208.751676081114,-0.0354213787370478,0.206232928989809,0.800358584738275,0.987204697765752,FALSE,"not_significant"
"Gene0320",167.119992388454,-0.0353959924139065,0.210549906256054,0.80176861036309,0.987204697765752,FALSE,"not_significant"
"Gene0452",16.6259193846466,0.0353375662920664,0.226002306747423,0.798528138121218,0.987204697765752,FALSE,"not_significant"
"Gene0831",9.73797373892439,-0.0353015683141705,0.245503613768689,0.773421875518116,0.987204697765752,FALSE,"not_significant"
"Gene0522",55.7392083189284,-0.0350353781499788,0.20975684723944,0.800327733862459,0.987204697765752,FALSE,"not_significant"
"Gene0517",43.7732859833315,0.0342695449723215,0.224812394979977,0.800433564596788,0.987204697765752,FALSE,"not_significant"
"Gene0978",37.2392659752345,0.0342031881925294,0.222414556156604,0.806746754228043,0.987204697765752,FALSE,"not_significant"
"Gene0703",63.0246685733099,-0.0338099421428617,0.215572136790649,0.80842289591361,0.987204697765752,FALSE,"not_significant"
"Gene0963",140.174190007697,0.03370781353347,0.221869730249957,0.800580371974343,0.987204697765752,FALSE,"not_significant"
"Gene0373",226.971792506483,0.0335436348530222,0.218810576770385,0.811618927443786,0.987204697765752,FALSE,"not_significant"
"Gene0251",55.1360536351887,-0.0334138474962991,0.203340395612104,0.812656586264175,0.987204697765752,FALSE,"not_significant"
"Gene0625",233.582656834784,0.0333841628187696,0.208354166928489,0.814160576528266,0.987204697765752,FALSE,"not_significant"
"Gene0487",18.9091233998938,0.0331013428785464,0.241505189811324,0.799393788524952,0.987204697765752,FALSE,"not_significant"
"Gene0644",50.8915117940749,0.0329803520181145,0.2037998786837,0.8174308585902,0.987204697765752,FALSE,"not_significant"
"Gene0982",142.259718246581,-0.0329744445808689,0.203012407981047,0.815555145928945,0.987204697765752,FALSE,"not_significant"
"Gene0874",53.1243668306394,-0.0326928313226973,0.194547498901291,0.818462779056471,0.987204697765752,FALSE,"not_significant"
"Gene0946",59.5624278860923,-0.0325282162524581,0.200085149677825,0.817831877617739,0.987204697765752,FALSE,"not_significant"
"Gene0845",336.147108471089,0.0323925702257655,0.19441646780584,0.82085168863454,0.987204697765752,FALSE,"not_significant"
"Gene0675",27.2405123258271,0.0323900978432928,0.24634675860308,0.783702810647679,0.987204697765752,FALSE,"not_significant"
"Gene0713",83.7381401231593,-0.0321995712599088,0.20306724684862,0.817612960501695,0.987204697765752,FALSE,"not_significant"
"Gene0626",47.5740321703934,-0.032191871185703,0.239149590088275,0.802186825801818,0.987204697765752,FALSE,"not_significant"
"Gene0158",172.679863638755,0.0320600824796812,0.237526052649545,0.807723650878442,0.987204697765752,FALSE,"not_significant"
"Gene0572",91.2926934914683,-0.0320033909554173,0.197042813480168,0.819941464924816,0.987204697765752,FALSE,"not_significant"
"Gene0915",18.7594759556122,0.0318823455827944,0.235773437364267,0.807890645101695,0.987204697765752,FALSE,"not_significant"
"Gene0263",19.6893361742077,0.0317028369016099,0.235257461707944,0.811805571671987,0.987204697765752,FALSE,"not_significant"
"Gene0220",59.2095615224137,-0.0316728815666005,0.212594777252711,0.82027861439815,0.987204697765752,FALSE,"not_significant"
"Gene0497",81.6227567758146,-0.0312660448759721,0.201142694426632,0.824667940022119,0.987204697765752,FALSE,"not_significant"
"Gene0370",33.0628983595016,-0.0308425448876636,0.228070142716438,0.8202561437883,0.987204697765752,FALSE,"not_significant"
"Gene0306",29.5141669995557,0.0307477425084363,0.216037863095072,0.831048999590079,0.987204697765752,FALSE,"not_significant"
"Gene0313",74.5673135648597,-0.0307125769134081,0.217600434577563,0.823622899740782,0.987204697765752,FALSE,"not_significant"
"Gene0851",27.3171941155043,0.0304898360759439,0.207622442540914,0.830468123041366,0.987204697765752,FALSE,"not_significant"
"Gene0870",294.606029840746,-0.030181222956185,0.187900246621126,0.828798560386189,0.987204697765752,FALSE,"not_significant"
"Gene0334",93.9897052369766,-0.0299573169843178,0.261555148812768,0.766619579025754,0.987204697765752,FALSE,"not_significant"
"Gene0454",13.5130072748199,-0.0299378507205964,0.224797708307655,0.828557265968419,0.987204697765752,FALSE,"not_significant"
"Gene0662",122.080873171545,-0.0298423997912752,0.199832337329621,0.831713901110966,0.987204697765752,FALSE,"not_significant"
"Gene0145",12.7305808486971,0.0296787964614063,0.228271432461869,0.828064969819952,0.987204697765752,FALSE,"not_significant"
"Gene0489",103.198791554031,-0.0294634239430861,0.200910466202219,0.832074510078505,0.987204697765752,FALSE,"not_significant"
"Gene0328",202.217795497894,-0.0293738520339976,0.239075713386494,0.810159773956286,0.987204697765752,FALSE,"not_significant"
"Gene0839",28.8286011950222,-0.0292961143877173,0.227564202159181,0.826633474094018,0.987204697765752,FALSE,"not_significant"
"Gene0185",34.2708572207892,-0.028885773855768,0.219783482631373,0.841195594242962,0.987204697765752,FALSE,"not_significant"
"Gene0230",449.806363479613,-0.0288662813346417,0.224357477924411,0.832432665099969,0.987204697765752,FALSE,"not_significant"
"Gene0122",75.6065167020575,0.028529034368564,0.217217507372897,0.836991452001442,0.987204697765752,FALSE,"not_significant"
"Gene0803",42.9374784318225,-0.0283662911274526,0.213987635157608,0.838433024347789,0.987204697765752,FALSE,"not_significant"
"Gene0823",51.5248543559088,-0.0280154671459791,0.214613129440846,0.838656142598487,0.987204697765752,FALSE,"not_significant"
"Gene0330",36.9420618603413,-0.027889871279551,0.205370899623514,0.843509456956697,0.987204697765752,FALSE,"not_significant"
"Gene0857",134.816710878438,-0.0274733291008014,0.217399997412617,0.843267400032118,0.987204697765752,FALSE,"not_significant"
"Gene0991",461.906096328874,0.0273305900466874,0.193528141524893,0.848256291007054,0.987204697765752,FALSE,"not_significant"
"Gene0599",103.508728519171,0.0272585703019885,0.208230401570287,0.847338886320271,0.987204697765752,FALSE,"not_significant"
"Gene0133",44.3133588780481,0.0269773839888687,0.219937943932506,0.846857022224482,0.987204697765752,FALSE,"not_significant"
"Gene0366",118.920277162707,-0.0269085344558165,0.217451558532963,0.843609918417839,0.987204697765752,FALSE,"not_significant"
"Gene0225",34.5280346097384,-0.0266822347132573,0.215227741280483,0.848278766243298,0.987204697765752,FALSE,"not_significant"
"Gene0960",84.2733077990988,0.0266420943868982,0.214419361597133,0.850374850431411,0.987204697765752,FALSE,"not_significant"
"Gene0617",86.1420524975241,0.0265267637735411,0.185020932659344,0.850876888564867,0.987204697765752,FALSE,"not_significant"
"Gene0965",36.0547426024764,-0.0264209278190711,0.216844221893391,0.846715798488691,0.987204697765752,FALSE,"not_significant"
"Gene0645",90.3340563282524,-0.0263785375762328,0.195674605420304,0.851007971695518,0.987204697765752,FALSE,"not_significant"
"Gene0232",98.021018654072,-0.02612535285536,0.200923427783529,0.85235208812014,0.987204697765752,FALSE,"not_significant"
"Gene0581",12.1327797186838,-0.0257135684781901,0.236992593734325,0.843187462574267,0.987204697765752,FALSE,"not_significant"
"Gene0275",544.373735986217,-0.0253902785494568,0.213422886624553,0.85784400821927,0.987204697765752,FALSE,"not_significant"
"Gene0664",21.6616260111324,-0.02532670256293,0.233432425826331,0.845825856341204,0.987204697765752,FALSE,"not_significant"
"Gene0852",122.808436124979,0.0252646996318365,0.191233284417301,0.860584577834261,0.987204697765752,FALSE,"not_significant"
"Gene0717",39.4560820543615,-0.0250420413452686,0.211213740696238,0.857963554480783,0.987204697765752,FALSE,"not_significant"
"Gene0467",17.161556713075,0.0248861298486648,0.241255117508837,0.843889079321621,0.987204697765752,FALSE,"not_significant"
"Gene0702",43.6738569735084,0.0248216615022403,0.215048716339594,0.852827296856175,0.987204697765752,FALSE,"not_significant"
"Gene0347",110.239595745761,0.0247871610975283,0.200119306396777,0.863802573077234,0.987204697765752,FALSE,"not_significant"
"Gene0692",19.4538932146535,0.0246794509868438,0.219205249621422,0.861003472893086,0.987204697765752,FALSE,"not_significant"
"Gene0182",13.2340441504661,0.0245338475519801,0.235914136553786,0.852219200936268,0.987204697765752,FALSE,"not_significant"
"Gene0700",49.1242867187914,-0.0243465136835597,0.222496608189433,0.857818049258853,0.987204697765752,FALSE,"not_significant"
"Gene0533",35.2583888533711,-0.0241197011449431,0.213133429881778,0.860196390012255,0.987204697765752,FALSE,"not_significant"
"Gene0162",59.6791227651735,0.0240794764552551,0.192414307014941,0.864428481850829,0.987204697765752,FALSE,"not_significant"
"Gene0131",57.9635660652569,0.0240696394447609,0.20414079365807,0.866265453736291,0.987204697765752,FALSE,"not_significant"
"Gene0371",123.481137378974,0.0237099989430202,0.209776758450592,0.861134122827879,0.987204697765752,FALSE,"not_significant"
"Gene0172",16.7834290477345,-0.0236008317338352,0.214723882094249,0.865877537665849,0.987204697765752,FALSE,"not_significant"
"Gene0763",20.5466628321436,-0.0229563055897255,0.21902312298807,0.868420714920328,0.987204697765752,FALSE,"not_significant"
"Gene0135",33.8137700207979,-0.0229548590310192,0.21950302292161,0.86563830148834,0.987204697765752,FALSE,"not_significant"
"Gene0126",174.484590015745,0.0225822540704877,0.224087419116144,0.868264873363961,0.987204697765752,FALSE,"not_significant"
"Gene0405",153.542995370776,-0.0215803581887202,0.216177279454948,0.867808883859055,0.987204697765752,FALSE,"not_significant"
"Gene0941",19.6013541373346,-0.021195163861632,0.237774143020716,0.867469032015576,0.987204697765752,FALSE,"not_significant"
"Gene0681",80.1514325189465,0.0235019793241463,0.199229862152093,0.870375638090036,0.988291051746321,FALSE,"not_significant"
"Gene0308",299.336412599323,-0.0221394387676818,0.210687427908145,0.871771256783781,0.988740565320137,FALSE,"not_significant"
"Gene0486",52.6850802882449,0.0222964588842301,0.208650471579553,0.874323253805212,0.989490165247904,FALSE,"not_significant"
"Gene0743",318.762709746451,-0.0216677108440292,0.188752823815142,0.874433169288846,0.989490165247904,FALSE,"not_significant"
"Gene0406",71.7104610078209,0.0222149628896241,0.215545136206808,0.875558172660614,0.989529866417442,FALSE,"not_significant"
"Gene0291",46.9424153508754,-0.0215939310046086,0.21012470918759,0.876469325562871,0.989529866417442,FALSE,"not_significant"
"Gene0798",39.083880183847,0.0216574809341502,0.21115521182699,0.878790430702021,0.991019083197604,FALSE,"not_significant"
"Gene0559",659.682388442777,0.0216844360227847,0.206646495305766,0.88119569889261,0.991225770418575,FALSE,"not_significant"
"Gene0453",116.976981611657,0.0210403484191578,0.182960297706992,0.883062987483442,0.991225770418575,FALSE,"not_significant"
"Gene0588",32.0434926659298,-0.0207887865677405,0.209236994180365,0.881245283700305,0.991225770418575,FALSE,"not_significant"
"Gene0854",78.8320557469466,0.0207589303830537,0.206560642573508,0.884479646238451,0.991225770418575,FALSE,"not_significant"
"Gene0119",65.8837860424775,0.020112207000264,0.212403143280639,0.889733727864961,0.991225770418575,FALSE,"not_significant"
"Gene0614",76.0630017995901,0.0199994964320465,0.201738830592019,0.889164159512999,0.991225770418575,FALSE,"not_significant"
"Gene0483",67.7490461328524,0.0195011908079498,0.20169922815773,0.892090430638397,0.991225770418575,FALSE,"not_significant"
"Gene0143",90.3915999866259,-0.0192111565246791,0.215933255905369,0.89061314185062,0.991225770418575,FALSE,"not_significant"
"Gene0542",13.831606577049,0.018910819201295,0.226177074993881,0.891540660754984,0.991225770418575,FALSE,"not_significant"
"Gene0789",425.94404382197,0.0186379273945645,0.193023033777697,0.897123999319664,0.991225770418575,FALSE,"not_significant"
"Gene0121",107.586682232412,0.0185671912690472,0.177433944940222,0.894838926117586,0.991225770418575,FALSE,"not_significant"
"Gene0744",259.30340484814,0.0182275658162422,0.195988766804301,0.901319849540201,0.991225770418575,FALSE,"not_significant"
"Gene0353",186.136277215963,-0.0181819478705835,0.215400193760217,0.892304959693317,0.991225770418575,FALSE,"not_significant"
"Gene0606",551.14890628288,0.0179735720230441,0.187157597970525,0.897897447668906,0.991225770418575,FALSE,"not_significant"
"Gene0761",334.454054658248,0.0178274596000595,0.205694526737182,0.903067063536481,0.991225770418575,FALSE,"not_significant"
"Gene0989",221.208565886436,0.0174019446651188,0.217185983122655,0.902608190549301,0.991225770418575,FALSE,"not_significant"
"Gene0773",52.305933333545,0.0172697323018204,0.196361515004577,0.904350854248675,0.991225770418575,FALSE,"not_significant"
"Gene0881",105.031917079588,0.0172450143546579,0.213731677239307,0.903330009540626,0.991225770418575,FALSE,"not_significant"
"Gene0115",125.674212436268,0.0169297050930833,0.19379555897133,0.906281843638071,0.991225770418575,FALSE,"not_significant"
"Gene0527",70.3939685171952,0.0168508113337757,0.212404266827155,0.90713554585092,0.991225770418575,FALSE,"not_significant"
"Gene0178",66.8866109748609,-0.0167082858001732,0.203895966044001,0.904799339105676,0.991225770418575,FALSE,"not_significant"
"Gene0289",408.511820084953,0.0166935970586044,0.217516348383106,0.904485176360094,0.991225770418575,FALSE,"not_significant"
"Gene0820",8.09990841496216,0.0166663554984033,0.247200812824315,0.892081168386406,0.991225770418575,FALSE,"not_significant"
"Gene0906",336.779995792574,0.0165578341847417,0.209139882974396,0.908821490211843,0.991225770418575,FALSE,"not_significant"
"Gene0465",58.3387179594251,-0.0164931618958492,0.202349374823881,0.905215881040553,0.991225770418575,FALSE,"not_significant"
"Gene0595",163.47819343761,-0.0164225504581541,0.205292143325655,0.902237133724451,0.991225770418575,FALSE,"not_significant"
"Gene0455",134.379239484063,0.0161284354940063,0.203360132118645,0.911830115751772,0.991225770418575,FALSE,"not_significant"
"Gene0432",202.083204085102,0.0160608949012483,0.227478351621917,0.906069236880693,0.991225770418575,FALSE,"not_significant"
"Gene0598",78.4294491820606,-0.0160247249380869,0.200446751379157,0.908147682893098,0.991225770418575,FALSE,"not_significant"
"Gene0280",46.3228241135238,-0.0156042816513187,0.216011563851326,0.90980270421414,0.991225770418575,FALSE,"not_significant"
"Gene0156",52.3759444437435,-0.0155013026137452,0.215841998410685,0.907079924772524,0.991225770418575,FALSE,"not_significant"
"Gene0565",38.6057934765363,0.0153120979093905,0.209650400462144,0.914774407750461,0.991225770418575,FALSE,"not_significant"
"Gene0708",148.873558100867,0.0152971622359868,0.208992316997742,0.915125692543722,0.991225770418575,FALSE,"not_significant"
"Gene0735",15.8102859587463,-0.0151817662780926,0.22097120331623,0.911592490968535,0.991225770418575,FALSE,"not_significant"
"Gene0546",32.6754869185174,0.0148455172189829,0.224091252857105,0.916497342673799,0.991225770418575,FALSE,"not_significant"
"Gene0990",87.1303522357905,0.0147813340665323,0.200857053692799,0.91887772415149,0.991225770418575,FALSE,"not_significant"
"Gene0341",36.1389560165379,0.0146849680501651,0.207282089911263,0.918415982159261,0.991225770418575,FALSE,"not_significant"
"Gene1000",57.9664502624188,0.0145647824727111,0.199742560947133,0.922145823224078,0.991225770418575,FALSE,"not_significant"
"Gene0966",75.7579156898246,0.0138746200433191,0.19833149493404,0.923072734636509,0.991225770418575,FALSE,"not_significant"
"Gene0691",203.380035010841,-0.0137951010236593,0.225964657371235,0.918917082104412,0.991225770418575,FALSE,"not_significant"
"Gene0419",48.896927490435,0.0137314737793605,0.225542663812971,0.916113640657159,0.991225770418575,FALSE,"not_significant"
"Gene0480",80.9303810684655,-0.013530705463794,0.209270273601589,0.921320666955829,0.991225770418575,FALSE,"not_significant"
"Gene0296",57.1149811598019,-0.0132912101850054,0.215399739787897,0.92285568036594,0.991225770418575,FALSE,"not_significant"
"Gene0171",626.66823980914,-0.0132696859061132,0.194697707744399,0.919320187763743,0.991225770418575,FALSE,"not_significant"
"Gene0221",33.0254130191822,0.0127821649365962,0.213655676167586,0.927735302716362,0.994156282643806,FALSE,"not_significant"
"Gene0594",205.115935751901,-0.0119750223205191,0.222689408773182,0.927812182892045,0.994156282643806,FALSE,"not_significant"
"Gene0734",44.0982299304777,-0.011755802585978,0.218433906170331,0.932584921440188,0.996956999441162,FALSE,"not_significant"
"Gene0110",11.4180962115009,-0.0115068631097528,0.232016323760868,0.931706930899468,0.996956999441162,FALSE,"not_significant"
"Gene0931",86.3180892192572,-0.0111848290414013,0.196898742226395,0.935517623610711,0.996956999441162,FALSE,"not_significant"
"Gene0509",31.8956295983293,0.0107007097783384,0.224527556951955,0.939035750763248,0.996956999441162,FALSE,"not_significant"
"Gene0342",369.023879142538,0.0106806525019445,0.197966281142009,0.94056997511339,0.996956999441162,FALSE,"not_significant"
"Gene0544",101.804785876299,-0.0106543103932241,0.207979299354518,0.938501599463946,0.996956999441162,FALSE,"not_significant"
"Gene0811",42.0731412098057,-0.010469451385625,0.214910316622646,0.938102635164174,0.996956999441162,FALSE,"not_significant"
"Gene0736",531.55646293793,0.0103923555084526,0.177962519421244,0.943156587977283,0.996956999441162,FALSE,"not_significant"
"Gene0392",50.8193088208246,-0.0100467927454093,0.203398571015209,0.942358920230355,0.996956999441162,FALSE,"not_significant"
"Gene0810",203.426528390537,-0.0100276743528646,0.186590328093403,0.941401450486584,0.996956999441162,FALSE,"not_significant"
"Gene0853",102.392326082606,-0.00985619674488153,0.190433912178634,0.943195721254037,0.996956999441162,FALSE,"not_significant"
"Gene0658",6.96943907359731,0.00946530011901899,0.245807586471955,0.939657547055407,0.996956999441162,FALSE,"not_significant"
"Gene0252",83.4854583915676,-0.00930205318701856,0.225112586158099,0.943530587944315,0.996956999441162,FALSE,"not_significant"
"Gene0239",1213.48525974933,-0.0120212234204033,0.206005530609981,0.95566123694488,0.998056918096381,FALSE,"not_significant"
"Gene0984",579.353689320997,0.0096503229650719,0.194589944099233,0.969989979546081,0.998056918096381,FALSE,"not_significant"
"Gene0197",43.2433931988527,-0.00907197242626406,0.211508716716593,0.946154383965117,0.998056918096381,FALSE,"not_significant"
"Gene0361",185.148548086811,0.0087500900876249,0.210853856458161,0.950821297522628,0.998056918096381,FALSE,"not_significant"
"Gene0784",71.6647126219531,-0.00869010721028645,0.205083464319271,0.949401783576234,0.998056918096381,FALSE,"not_significant"
"Gene0363",134.369854217777,0.00839172593494202,0.238168521348701,0.949997385434018,0.998056918096381,FALSE,"not_significant"
"Gene0286",23.3755329275139,0.00836787690374001,0.218002498554867,0.954509253846051,0.998056918096381,FALSE,"not_significant"
"Gene0868",82.5249472047575,0.00812290311573034,0.214158147272364,0.955078259623784,0.998056918096381,FALSE,"not_significant"
"Gene0138",33.7165054569288,0.00806458148727147,0.20359689941641,0.95558759615045,0.998056918096381,FALSE,"not_significant"
"Gene0888",63.4850088400478,-0.00794204864774823,0.217009338144627,0.95269626164926,0.998056918096381,FALSE,"not_significant"
"Gene0883",200.152576701259,0.00787268458247153,0.213482303596502,0.952190693174857,0.998056918096381,FALSE,"not_significant"
"Gene0241",77.2096318231244,0.00743259379641745,0.19121258336329,0.959077302287176,0.998056918096381,FALSE,"not_significant"
"Gene0807",81.2933606338431,-0.00736548858766722,0.217406896069141,0.956798627302124,0.998056918096381,FALSE,"not_significant"
"Gene0993",432.372239159754,0.00727169791315582,0.182062317212704,0.959717387183265,0.998056918096381,FALSE,"not_significant"
"Gene0393",67.7615520412218,0.00687386508624384,0.193008461419868,0.962714959820822,0.998056918096381,FALSE,"not_significant"
"Gene0318",32.3207728930859,-0.0068209282897184,0.198811565645134,0.963271121215935,0.998056918096381,FALSE,"not_significant"
"Gene0635",186.441924524799,0.0065641251259644,0.188447510654884,0.96500808026498,0.998056918096381,FALSE,"not_significant"
"Gene0339",173.90500236159,0.00611368866673725,0.202952459780011,0.973775073113758,0.998056918096381,FALSE,"not_significant"
"Gene0160",661.40780131764,-0.00592708652367675,0.174633588484276,0.974220326737928,0.998056918096381,FALSE,"not_significant"
"Gene0687",45.1995221013706,0.00582580173244704,0.208116162959826,0.968775561993093,0.998056918096381,FALSE,"not_significant"
"Gene0124",122.036828406164,-0.0056672885908536,0.192692837944774,0.966798404057282,0.998056918096381,FALSE,"not_significant"
"Gene0265",41.006536118039,-0.00523359559976861,0.195802056133656,0.969672328487384,0.998056918096381,FALSE,"not_significant"
"Gene0478",69.7382082886116,-0.0052335243536916,0.234592520873908,0.968030946704057,0.998056918096381,FALSE,"not_significant"
"Gene0728",48.7237689753206,-0.00504361569721081,0.226569147932108,0.968025850326362,0.998056918096381,FALSE,"not_significant"
"Gene0519",106.654264601765,-0.00464447850340205,0.180733233825926,0.972327521054859,0.998056918096381,FALSE,"not_significant"
"Gene0545",26.0361970408094,-0.00454406740002947,0.22305358673429,0.972334599853405,0.998056918096381,FALSE,"not_significant"
"Gene0104",994.706592245221,0.0044514570516055,0.212785968527808,0.975757800867207,0.998056918096381,FALSE,"not_significant"
"Gene0950",70.6945086238289,-0.00430081351308752,0.189908058443123,0.974201141085368,0.998056918096381,FALSE,"not_significant"
"Gene0516",48.176264479012,-0.00428178349515089,0.198702342198364,0.975035710719401,0.998056918096381,FALSE,"not_significant"
"Gene0612",32.1314666524487,-0.00409395840739662,0.264968699478139,0.958668515865831,0.998056918096381,FALSE,"not_significant"
"Gene0983",33.087299038758,0.0038407182254691,0.202563833073144,0.980042476783584,0.998056918096381,FALSE,"not_significant"
"Gene0302",217.650766568388,0.00368235893835746,0.212950266693387,0.978799283742609,0.998056918096381,FALSE,"not_significant"
"Gene0491",27.4708348152642,0.00366212240136608,0.223907520269913,0.980616162402633,0.998056918096381,FALSE,"not_significant"
"Gene0666",272.9560586572,0.00364169635681414,0.185937722054281,0.980086807601696,0.998056918096381,FALSE,"not_significant"
"Gene0407",19.9562414464533,0.00359200258221957,0.228668454974861,0.98015668729415,0.998056918096381,FALSE,"not_significant"
"Gene0932",149.186688935776,0.00307379802598037,0.222165340203376,0.983839123124973,0.998056918096381,FALSE,"not_significant"
"Gene0163",112.791404445179,-0.00294466775236136,0.203341199398963,0.981348519328781,0.998056918096381,FALSE,"not_significant"
"Gene0195",369.779982481739,0.00245078290211683,0.199833897364156,0.983928710964582,0.998056918096381,FALSE,"not_significant"
"Gene0344",44.8054570128129,-0.00226897449824813,0.202266758925978,0.98215561971328,0.998056918096381,FALSE,"not_significant"
"Gene0650",14.494493390403,0.00220343577980078,0.226674524175171,0.988325472495448,0.998529449246014,FALSE,"not_significant"
"Gene0834",57.8655800790953,-0.00216494973695668,0.191908404707926,0.986386801799271,0.998529449246014,FALSE,"not_significant"
"Gene0977",186.008576833972,-0.00192726539082698,0.196176703477518,0.987819747868554,0.998529449246014,FALSE,"not_significant"
"Gene0992",79.9673471073344,-0.00126973276094689,0.214438030217842,0.988433094855256,0.998529449246014,FALSE,"not_significant"
"Gene0420",230.990655599504,0.00140621095793162,0.205486179806671,0.994004255630023,0.999295210772653,FALSE,"not_significant"
"Gene0722",162.244975275612,0.00120301040769889,0.227496063686855,0.995224643094972,0.999295210772653,FALSE,"not_significant"
"Gene0790",107.085830101526,0.00102531818886725,0.193866485008278,0.995567476379614,0.999295210772653,FALSE,"not_significant"
"Gene0997",105.619169803097,0.000803312558823661,0.188591182961656,0.996783804396915,0.999295210772653,FALSE,"not_significant"
"Gene0577",109.223921653915,-0.000773268594877168,0.206787290025773,0.992861980483005,0.999295210772653,FALSE,"not_significant"
"Gene0231",64.1892841410077,0.000605739885096436,0.209414442714224,0.998226954628067,0.999295210772653,FALSE,"not_significant"
"Gene0271",18.0229650209172,-0.000528187967948458,0.232389255045587,0.99544581418935,0.999295210772653,FALSE,"not_significant"
"Gene0207",28.6967196322152,-0.000473243167510385,0.218164697145425,0.994499018305139,0.999295210772653,FALSE,"not_significant"
"Gene0801",16.0158467400024,0.000315830720236472,0.218462030244563,0.999295210772653,0.999295210772653,FALSE,"not_significant"
"Gene0282",9.4691153181728,2.89594101154494e-05,0.231827861543674,0.999104884096705,0.999295210772653,FALSE,"not_significant"
